FISH ID,smCyclo,medCyclo,lgCyclo,Harpac,Calanoid,Foram.,bivalve,gastropod,nematode,ostracod,isopod,cyprid,amphipod,date,day,month,site,ID,otolith,grpsize,grpnum,first,total,settlement,emergence,PLD,PS,TL,SL,G or S,MBW,MBW (um),AXIS,AXIS SAS,AXIS SAE,Hindcast10,Hindcast20,Hindcast25,ps rate,times read,Plankton
31,1,0,0,0,0,0,0,0,0,0,0,0,0,7/21/12,3,7,1,31,TRUE,0,0,1,48,41,42,40,6,16,13.3,S,0.025,25,0.28900692,0.238046214,0.238046214,0.007819146,0.006454992,0.0062148,0.008493462,2,248.8962327
32,0,1,0,2,0,0,0,0,0,0,0,0,0,7/21/12,3,7,1,32,TRUE,0,0,1,36,32,33,31,3,15.4,12.4,S,0.029154759,29.15475947,0.256095685,0.206128601,0.206128601,0.005379962,0.005336009,0.005162944,0.016659999,2,248.8962327
33,0,0,0,1,0,2,0,0,0,0,0,0,0,7/21/12,3,7,1,33,TRUE,0,0,1,50,48,49,47,1,15,12.2,S,0.028017851,28.01785145,0.269016728,0.261017241,0.261017241,0.00522808,0.005333984,0.005410894,0.008,1,248.8962327
34,0,0,0,0,0,0,0,0,0,0,0,0,0,7/21/12,3,7,1,34,TRUE,0,0,1,37,35,36,34,1,13,10.5,S,0.031016125,31.01612484,0.232174503,0.228140308,0.228140308,0.005934731,0.005526454,0.00536363,0.004123106,1,248.8962327
35,0,1,1,1,0,0,0,1,0,0,0,0,0,7/21/12,3,7,1,35,TRUE,0,0,1,51,49,50,48,1,16.2,13.5,S,0.029274562,29.27456234,0.291233583,0.252907098,0.282179021,0.005759648,0.005105783,0.005097472,0.009055385,1,248.8962327
37,0,0,0,0,0,0,0,0,0,0,0,0,0,7/21/12,3,7,1,37,TRUE,0,0,1,41,39,40,38,1,15,12.2,S,0.035902646,35.90264614,0.26024988,0.24885337,0.24885337,0.005890408,0.005678329,0.005584489,0.011401754,1,248.8962327
58,0,1,0,0,0,0,0,0,0,0,0,0,0,7/22/12,4,7,1,58,TRUE,0,0,1,43,39,40,38,3,14.9,11.3,S,0.025495098,25.49509757,0.284450347,0.21333776,0.238832577,0.006077099,0.005599261,0.005380989,0.015205993,1,105.7582848
59,0,0,0,0,0,0,0,0,0,0,0,0,0,7/22/12,4,7,1,59,TRUE,0,0,1,36,35,36,34,0,13.6,10.4,G,0.042059482,42.05948169,0.23629854,0.194247265,0.23629854,0.006161531,0.005384321,0.005200392,NA,1,105.7582848
60,0,0,0,0,0,0,0,0,0,0,0,0,0,7/22/12,4,7,1,60,TRUE,2,7,1,45,44,45,43,0,13.6,10.6,G,0.034525353,34.525353,0.213721782,0.179201004,0.213721782,0.004801903,0.004343759,0.004204855,NA,1,105.7582848
61,0,0,0,0,0,0,0,0,0,0,0,0,0,7/22/12,4,7,1,61,TRUE,2,7,1,42,39,40,38,2,16.8,13.6,G,0.044294469,44.29446918,0.288189174,0.198244798,0.242538657,0.005386936,0.005144622,0.005122113,0.022825424,1,105.7582848
62,1,0,0,0,0,0,0,0,0,0,0,0,0,7/22/12,4,7,1,62,TRUE,2,8,1,38,35,36,34,2,14.6,11.8,G,0.042011903,42.01190308,0.291042952,0.217036863,0.259048258,0.007412645,0.006664014,0.006414522,0.016,1,105.7582848
63,0,0,0,0,0,0,0,0,0,0,0,0,0,7/22/12,4,7,1,63,TRUE,2,8,1,37,31,32,30,5,15.1,12.2,G,0.035902646,35.90264614,0.278325349,0.184176546,0.220077259,0.00638305,0.005715652,0.005484566,0.011649893,1,105.7582848
82,0,1,0,1,0,0,0,0,1,0,0,0,0,7/23/12,5,7,1,82,TRUE,0,130,1,35,32,33,31,2,14.6,11.3,S,0.028160256,28.16025568,0.23284759,0.184764715,0.212924869,0.005779503,0.005604056,0.005372913,0.009962429,2,86.25226321
83,0,0,0,0,0,0,0,0,0,0,0,0,0,7/23/12,5,7,1,83,TRUE,6,131,1,44,43,44,42,0,15.2,12.2,G,0.024020824,24.0208243,0.238209991,0.214189169,0.238209991,0.005936356,0.005739097,0.005481729,NA,2,86.25226321
84,0,1,0,1,0,1,0,0,1,0,0,0,0,7/23/12,5,7,1,84,TRUE,0,132,1,37,33,34,32,3,16.4,13,S,0.031304952,31.30495168,0.299429457,0.217082933,0.248364651,0.007447954,0.006462456,0.006183624,0.017026124,2,86.25226321
86,0,0,0,0,0,0,0,0,0,0,0,0,0,7/23/12,5,7,1,86,TRUE,4,21,1,50,47,48,46,1,15.5,12.3,G,0.039458839,39.458839,0.280672407,0.249098374,0.249098374,0.005209437,0.004651273,0.004650687,0.015787653,2,86.25226321
88,0,0,0,0,0,1,0,0,0,0,0,0,0,7/23/12,5,7,1,88,TRUE,2,23,1,37,35,36,34,1,14,10.4,G,0.031256999,31.25699922,0.230097805,0.188798835,0.220054539,0.006889624,0.006187722,0.00572063,0.010049876,2,86.25226321
107,0,0,0,0,0,0,0,0,0,0,0,0,0,7/24/12,6,7,1,107,TRUE,8,138,1,43,40,41,39,2,15.4,12.1,G,0.028635642,28.63564213,0.244499489,0.204474937,0.233105126,0.007191033,0.006286942,0.005774372,0.005700877,2,245.7052554
127,0,0,0,1,0,2,0,0,0,0,0,0,0,8/17/12,7,8,1,127,TRUE,2,37,1,40,39,40,38,0,13.6,11,G,0.027294688,27.29468813,0.223600089,0.196305884,0.223600089,0.005978552,0.00537592,0.005399553,NA,1,
129,0,1,0,2,0,2,0,0,0,0,0,0,0,8/17/12,7,8,1,129,TRUE,4,38,1,44,43,44,42,0,14.9,11.5,G,0.028861739,28.86173938,0.245153013,0.216316897,0.245153013,0.004494216,0.005489169,0.005580166,NA,1,
130,0,0,0,1,0,1,0,0,0,0,0,0,0,8/17/12,7,8,1,130,TRUE,4,38,1,45,43,44,42,1,13.7,11,G,0.034132096,34.13209633,0.248581978,0.209468375,0.243593924,0.005224116,0.005379423,0.005510342,0.005,1,
132,0,0,1,3,0,0,0,0,0,0,0,0,0,8/17/12,7,8,1,132,TRUE,6,39,1,37,35,36,34,1,14,11.5,G,0.032572995,32.57299495,0.242621104,0.189465036,0.222036033,0.006308561,0.005775718,0.00554616,0.020615528,1,
133,0,0,0,1,0,3,0,0,0,0,0,0,0,8/17/12,7,8,1,133,TRUE,6,39,1,40,39,40,38,0,14.4,11.1,G,0.028284271,28.28427125,0.227554389,0.199271172,0.227554389,0.004386876,0.005505352,0.005501225,NA,1,
134,0,0,0,0,0,0,0,0,0,0,0,0,0,8/17/12,7,8,1,134,TRUE,6,39,1,38,37,38,36,0,13.8,11.1,G,0.020099751,20.09975124,0.234853146,0.214755675,0.234853146,0.006439787,0.006090228,0.006038803,NA,1,
135,1,1,0,0,0,1,1,0,0,0,0,0,0,8/17/12,7,8,1,135,TRUE,6,39,1,37,34,35,33,2,14.7,11.7,G,0.029,29,0.237033753,0.193041446,0.222036033,0.006522778,0.006119081,0.005735265,0.0075,1,
138,0,0,0,0,0,0,0,0,0,0,0,0,0,8/17/12,7,8,1,138,TRUE,4,40,1,46,43,44,42,2,15.1,12.2,G,0.037054015,37.05401463,0.265680259,0.205548048,0.242596373,0.005242016,0.004941595,0.0047982,0.011543396,1,
139,0,0,0,0,0,1,0,0,0,0,0,0,0,8/17/12,7,8,1,139,TRUE,4,40,1,37,36,37,35,0,14.3,11.9,G,0.03748333,37.48332963,0.238379949,0.200897984,0.238379949,0.005680178,0.005642076,0.005450781,NA,1,
140,0,1,0,0,0,0,1,0,0,0,0,0,0,8/17/12,7,8,1,140,TRUE,4,40,1,45,44,45,43,0,14.4,12.2,G,0.027,27,0.262,0.235,0.262,0.0057,0.00575,0.005882843,NA,1,
142,0,0,0,0,0,0,0,0,0,0,0,0,0,8/17/12,7,8,1,142,TRUE,3,41,1,41,39,40,38,1,14.4,12.5,G,0.025,25,0.233137299,0.202773272,0.227771816,0.007005865,0.006071531,0.005861938,0.005385165,1,
144,0,0,0,0,0,0,0,0,0,0,0,0,0,8/17/12,7,8,1,144,TRUE,14,42,1,47,46,47,45,0,15.3,11.8,G,0.022472205,22.47220505,0.254593794,0.232122812,0.254593794,0.005515769,0.005571063,0.00564661,NA,1,
146,0,0,0,0,0,7,0,0,0,0,0,0,0,8/17/12,7,8,1,146,TRUE,14,42,1,44,41,42,40,2,13.3,11.9,G,0.020248457,20.24845673,0.250169942,0.213784939,0.234029913,0.004907479,0.005461996,0.005612925,0.008077747,1,
148,0,0,0,0,0,1,0,0,0,0,0,0,0,8/17/12,7,8,1,148,TRUE,14,42,1,42,41,42,40,0,14.6,12.2,G,0.031144823,31.144823,0.266992509,0.235849528,0.266992509,0.006342294,0.006291253,0.006005848,NA,1,
149,0,0,0,0,0,2,0,0,0,0,0,0,0,8/17/12,7,8,1,149,TRUE,14,42,1,38,35,36,34,2,14.9,12,G,0.028160256,28.16025568,0.254420911,0.207125566,0.235261557,0.005988783,0.005999274,0.005870019,0.009617692,1,
150,0,0,0,0,0,0,0,0,0,0,0,0,0,8/17/12,7,8,1,150,TRUE,14,42,1,46,44,45,43,1,15.5,13.2,G,0.050447993,50.44799302,0.283044166,0.212219226,0.26266709,0.004870546,0.005334017,0.005247981,0.020396078,1,
151,0,0,0,0,0,0,0,0,0,0,0,0,0,8/17/12,7,8,1,151,TRUE,14,42,1,41,39,40,38,1,15.2,12.3,G,0.034058773,34.05877273,0.24316661,0.193126901,0.227178344,0.005716553,0.005617365,0.005413892,0.016,1,
153,0,0,0,0,0,1,0,0,0,0,0,0,0,8/17/12,7,8,1,153,TRUE,14,42,1,47,46,47,45,0,15.8,13.1,G,0.02912044,29.12043956,0.256376676,0.227264163,0.256376676,0.005496786,0.005593788,0.005594651,NA,1,
154,0,0,0,0,0,0,0,0,0,0,0,0,0,8/17/12,7,8,1,154,TRUE,14,42,1,47,45,46,44,1,14.3,11.9,G,0.034014703,34.0147027,0.26392802,0.214692804,0.248696602,0.005528955,0.005595107,0.005267582,0.015231546,1,
155,0,0,0,0,0,0,0,0,0,0,0,0,0,8/17/12,7,8,1,155,TRUE,14,42,1,46,45,46,44,0,15.1,12.5,G,0.032310989,32.31098884,0.297808663,0.265514595,0.297808663,0.005637661,0.005844641,0.006074613,NA,1,
156,0,0,0,0,0,0,0,0,0,0,0,0,0,8/17/12,7,8,1,156,TRUE,14,42,1,59,58,59,57,0,15.7,12.6,G,0.032756679,32.75667871,0.279465561,0.24671441,0.279465561,0.002593566,0.002410588,0.00286624,NA,1,
159,1,1,0,1,0,5,0,0,0,0,0,0,0,8/17/12,7,8,1,159,TRUE,10,43,1,39,38,39,37,0,14.5,12.1,G,0.046270941,46.27094121,0.264382299,0.218112356,0.264382299,0.006670236,0.006509149,0.006101129,NA,1,
160,2,0,0,2,0,2,0,0,0,0,0,0,0,8/17/12,7,8,1,160,TRUE,10,43,1,35,33,34,32,1,14.2,11.4,G,0.032572995,32.57299495,0.237191905,0.187544661,0.220109064,0.006394921,0.00594038,0.005566414,0.017088007,1,
163,0,0,0,1,0,1,0,0,0,0,0,0,0,8/17/12,7,8,1,163,TRUE,10,43,1,40,38,39,37,1,14.5,11.5,G,0.028653098,28.65309756,0.221948192,0.185714835,0.214366509,0.005690651,0.005584445,0.005240262,0.007615773,2,
164,0,1,0,0,0,5,0,0,0,0,0,0,0,8/17/12,7,8,1,164,TRUE,10,43,1,37,35,36,34,1,14.1,11.7,G,0.024698178,24.69817807,0.237255137,0.208463426,0.233154455,0.006307103,0.006607994,0.006225942,0.004123106,2,
166,0,0,0,2,0,3,0,0,0,0,0,0,0,8/17/12,7,8,1,166,TRUE,10,43,1,44,40,41,39,3,14,11.3,G,0.035510562,35.51056181,0.260647271,0.198668065,0.234170878,0.006837289,0.006385041,0.00596737,0.008825468,2,
167,0,0,0,0,0,1,0,0,0,0,0,0,0,8/17/12,7,8,1,167,TRUE,10,43,1,45,42,43,41,2,14.5,12.3,G,0.029966648,29.96664813,0.259896133,0.219658826,0.249623717,0.005749228,0.005542762,0.005530128,0.005147815,2,
169,0,0,0,1,0,1,5,0,0,0,0,0,0,8/17/12,7,8,1,169,TRUE,7,44,1,35,33,34,32,1,14.9,12.5,G,0.023086793,23.08679276,0.215058132,0.201457191,0.201457191,0.007170893,0.006068104,0.005799143,0.013601471,2,
171,0,0,0,1,0,0,4,0,0,0,0,0,0,8/17/12,7,8,1,171,TRUE,7,44,1,34,32,33,31,1,13.6,11.4,G,0.02745906,27.45906044,0.235153142,0.199649693,0.227107904,0.007249651,0.006530963,0.006213023,0.008062258,2,
172,0,0,1,2,0,0,3,0,0,0,0,0,0,8/17/12,7,8,1,172,TRUE,7,44,1,46,44,45,43,1,15.2,12.1,G,0.032893768,32.89376841,0.27386493,0.230540669,0.263433103,0.006235149,0.005728664,0.005513548,0.010440307,2,
174,0,0,0,0,0,0,0,0,0,0,0,0,0,8/17/12,7,8,1,174,TRUE,7,44,1,38,37,38,36,0,12.8,10.5,G,0.018027756,18.02775638,0.213784939,0.195757503,0.213784939,0.006779362,0.006147979,0.005857931,NA,2,
177,0,0,0,0,0,0,5,0,0,0,0,0,0,8/17/12,7,8,1,177,TRUE,0,0,1,35,33,34,32,1,14.2,11.3,S,0.038209946,38.20994635,0.231952581,0.185690603,0.223895065,0.005743463,0.005596878,0.005367954,0.008062258,2,
178,0,0,0,0,0,0,0,0,0,0,0,0,0,8/17/12,7,8,1,178,TRUE,0,0,1,37,36,37,35,0,13.8,11.5,S,0.034481879,34.4818793,0.216667949,0.216667949,0.216667949,0.006419296,0.005736638,0.005427682,NA,2,
182,0,2,0,2,0,0,0,0,0,0,0,0,0,8/17/12,7,8,1,182,TRUE,9,47,1,38,36,37,35,1,13.8,11.5,G,0.034014703,34.0147027,0.224198573,0.184390889,0.218405586,0.005068486,0.005338874,0.005276145,0.005830952,2,
183,0,0,0,0,0,0,0,0,0,0,0,0,0,8/17/12,7,8,1,183,TRUE,9,47,1,34,33,34,32,0,14,11.7,G,0.026925824,26.92582404,0.228965063,0.2020396,0.228965063,0.007507359,0.006769087,0.006298106,NA,2,
184,0,1,1,1,0,0,3,0,0,0,0,0,0,8/17/12,7,8,1,184,TRUE,9,47,1,38,36,37,35,1,14.4,11.8,G,0.025298221,25.29822128,0.238757199,0.199859951,0.225157722,0.005703692,0.005797421,0.005491084,0.013601471,2,
186,1,0,0,1,0,1,2,0,0,0,0,0,0,8/17/12,7,8,1,186,TRUE,9,47,1,53,50,51,49,2,15,12.5,G,0.035735137,35.73513677,0.281220554,0.227771816,0.263501423,0.00294458,0.003931961,0.004288082,0.008860023,2,
187,0,0,0,1,0,0,3,0,0,0,0,0,0,8/17/12,7,8,1,187,TRUE,9,47,1,32,31,32,30,0,13.4,10.9,G,0.049396356,49.39635614,0.229401395,0.180013888,0.229401395,0.005564429,0.005554429,0.005346569,NA,2,
188,0,0,0,1,0,0,3,0,0,0,0,0,0,8/17/12,7,8,1,188,TRUE,9,47,1,46,43,44,42,2,15.2,12.5,G,0.035128336,35.12833614,0.279946423,0.220735135,0.255863245,0.006646894,0.005944847,0.005763799,0.012041595,2,
189,0,0,0,0,1,2,8,0,0,0,0,0,0,8/17/12,7,8,1,189,TRUE,9,47,1,52,51,52,50,0,16,13.1,G,0.035014283,35.0142828,0.278145645,0.243131652,0.278145645,0.004919804,0.00501404,0.005095193,NA,2,
192,0,0,0,0,0,0,0,0,0,0,0,0,0,8/17/12,7,8,1,192,TRUE,0,0,1,43,42,43,41,0,14.2,11.4,S,0.03522783,35.22782991,0.255327241,0.220102249,0.255327241,0.006078581,0.006311925,0.006100772,NA,2,
196,1,1,0,2,0,0,2,0,0,0,0,0,0,8/17/12,7,8,1,196,TRUE,4,49,1,48,47,48,46,0,13.8,11.3,G,0.037054015,37.05401463,0.234258404,0.197205477,0.234258404,0.00416547,0.003800694,0.003845479,NA,2,
198,1,1,0,3,0,1,6,0,0,0,0,0,0,8/17/12,7,8,1,198,TRUE,4,49,1,47,43,44,42,3,13.9,11.8,G,0.022090722,22.09072203,0.251876954,0.227793766,0.227793766,0.00545057,0.004847439,0.004794662,0.00802773,2,
272,0,0,0,0,0,0,0,0,0,0,0,0,0,8/18/12,8,8,1,274,TRUE,0,0,1,44,41,42,40,2,13.6,11.3,S,0.027073973,27.07397274,0.2448183,0.196651977,0.223725278,0.005643463,0.00553991,0.00532238,0.010547512,2,223.3862906
273,0,0,0,2,0,0,0,0,0,0,0,0,0,8/18/12,8,8,1,275,TRUE,3,66,1,58,57,58,56,0,14.3,11.5,G,0.027730849,27.73084925,0.249551598,0.221822001,0.249551598,0.004242116,0.003952447,0.004044382,NA,2,223.3862906
274,0,0,0,5,0,0,2,0,0,0,0,2,0,8/18/12,8,8,1,276,TRUE,3,66,1,38,37,38,36,0,13.7,11.1,G,0.021095023,21.09502311,0.21766488,0.196573142,0.21766488,0.005536356,0.005634374,0.005559382,NA,2,223.3862906
275,0,3,0,4,0,0,3,0,0,0,0,2,0,8/18/12,8,8,1,277,TRUE,3,66,1,47,46,47,45,0,14.5,11.6,G,0.032280025,32.28002478,0.244167975,0.211896201,0.244167975,0.004224543,0.004728985,0.004837329,NA,2,223.3862906
280,0,0,0,1,0,1,0,0,0,0,0,0,0,8/18/12,8,8,1,280,TRUE,2,68,1,39,37,38,36,1,13.7,11.1,G,0.029732137,29.73213749,0.235919478,0.197974746,0.227705951,0.005641004,0.005535806,0.005408283,0.008246211,2,223.3862906
283,1,0,1,1,0,1,0,0,0,1,0,0,0,8/18/12,8,8,1,283,TRUE,2,69,1,44,42,43,41,1,13,10.7,G,0.018027756,18.02775638,0.222144097,0.198736006,0.216760236,0.004957036,0.004467416,0.004550001,0.005385165,1,223.3862906
284,0,0,0,2,0,0,1,0,0,0,0,0,0,8/18/12,8,8,1,284,TRUE,0,0,1,34,32,33,31,1,14.9,12.1,S,0.051546096,51.54609588,0.24858399,0.186601179,0.238144914,0.00659577,0.006156732,0.005725535,0.010440307,1,223.3862906
286,0,0,1,4,0,1,0,0,0,3,0,0,0,8/18/12,8,8,1,286,TRUE,3,70,1,42,41,42,40,0,14.4,11.2,G,0.034365681,34.36568055,0.273250801,0.238891189,0.273250801,0.005468084,0.005366102,0.005304764,NA,1,223.3862906
287,0,0,0,0,0,0,2,0,0,0,0,0,0,8/18/12,8,8,1,287,TRUE,3,70,1,42,40,41,39,1,14,11.2,G,0.028160256,28.16025568,0.221382023,0.186601179,0.214758003,0.006226271,0.005750198,0.005377488,0.006708204,1,223.3862906
288,0,0,0,0,0,1,1,0,0,0,0,0,0,8/18/12,8,8,1,288,TRUE,12,71,1,35,33,34,32,1,14,11,G,0.039115214,39.11521443,0.220004545,0.174828487,0.213936907,0.005744633,0.005397463,0.005165892,0.006082763,1,223.3862906
289,1,0,0,1,0,0,2,0,0,0,0,0,0,8/18/12,8,8,1,289,TRUE,12,71,1,41,38,39,37,2,14,11.5,G,0.023345235,23.34523506,0.24885337,0.204707108,0.228008772,0.006521884,0.006402915,0.006153582,0.010440307,1,223.3862906
291,1,0,0,0,0,0,1,1,0,0,0,1,0,8/18/12,8,8,1,291,TRUE,12,71,1,39,37,38,36,1,14.5,11.5,G,0.029410882,29.41088234,0.241006224,0.202410474,0.231821052,0.005597885,0.005907845,0.005693413,0.009219544,1,223.3862906
292,0,0,0,0,0,0,1,1,0,1,0,0,0,8/18/12,8,8,1,292,TRUE,12,71,1,35,32,33,31,2,14.3,11.5,G,0.02,20,0.226002212,0.186002688,0.206002427,0.006008276,0.005563227,0.005530582,0.01,1,223.3862906
293,0,0,0,0,0,0,3,0,0,0,0,0,0,8/18/12,8,8,1,293,TRUE,12,71,1,40,37,38,36,2,14.4,11.2,G,0.033837849,33.83784863,0.272281105,0.215671046,0.249505511,0.006222893,0.005856756,0.005738085,0.011401754,1,223.3862906
296,0,0,0,0,0,0,0,1,0,2,0,0,0,8/18/12,8,8,1,296,TRUE,12,71,1,34,33,34,32,0,13.5,11.3,G,0.037121422,37.12142239,0.211549049,0.174427635,0.211549049,0.006541988,0.005854265,0.00536906,NA,1,223.3862906
298,0,0,1,3,0,0,4,0,0,0,0,0,0,8/18/12,8,8,1,298,TRUE,12,71,1,47,46,47,45,0,13.8,11.2,G,0.024,24,0.239,0.215,0.239,0.0051,0.0049,0.00484,NA,1,223.3862906
299,0,0,1,2,2,0,1,0,0,0,0,0,0,8/18/12,8,8,1,299,TRUE,12,71,1,48,46,47,45,1,14.2,11.6,G,0.040447497,40.44749683,0.253031619,0.199572042,0.240010416,0.00494951,0.004519389,0.004510284,0.013038405,1,223.3862906
302,0,0,0,0,0,0,0,0,0,0,0,0,0,8/18/12,8,8,1,302,TRUE,0,0,1,49,48,49,47,0,14.6,11.6,S,0.022825424,22.82542442,0.225248751,0.202425295,0.225248751,0.003213475,0.003561915,0.003763648,NA,1,223.3862906
303,0,4,0,10,0,0,1,0,0,1,0,0,0,8/18/12,8,8,1,303,TRUE,0,0,1,37,34,35,33,2,14.4,11.5,S,0.020615528,20.61552813,0.238321212,0.201920777,0.222524156,0.006247434,0.006362065,0.006057103,0.007905694,1,223.3862906
304,0,0,0,0,0,0,0,0,0,0,0,0,0,8/18/12,8,8,1,304,TRUE,0,0,1,46,45,46,44,0,14.1,11.5,S,0.027294688,27.29468813,0.249559612,0.222272355,0.249559612,0.004189191,0.00493571,0.004968998,NA,1,223.3862906
305,0,0,0,0,0,0,0,0,0,0,0,0,0,8/18/12,8,8,1,305,TRUE,0,0,1,39,37,38,36,1,15,12.4,S,0.023769729,23.76972865,0.250153953,0.220617316,0.244386988,0.006303635,0.006408341,0.006134534,0.005830952,1,223.3862906
306,0,0,0,0,0,0,0,0,0,0,0,0,0,8/18/12,8,8,1,306,TRUE,0,0,1,40,39,40,38,0,13.1,10.5,S,0.024738634,24.73863375,0.21804816,0.193310631,0.21804816,0.006614846,0.005768276,0.005369846,NA,1,223.3862906
307,0,1,0,0,0,0,0,0,0,0,0,0,0,8/18/12,8,8,1,307,TRUE,0,0,1,42,41,42,40,0,14.3,11.5,S,0.031400637,31.40063694,0.229386137,0.197989899,0.229386137,0.006669866,0.005876736,0.005635198,NA,1,223.3862906
308,0,1,0,2,0,0,2,0,0,0,0,0,0,8/18/12,8,8,1,308,TRUE,5,73,1,38,36,37,35,1,13.6,10.8,G,0.030149627,30.14962686,0.224628582,0.188409129,0.218552053,0.005763594,0.005514828,0.005304708,0.006082763,1,223.3862906
309,1,0,1,0,0,0,0,0,0,1,0,0,0,8/18/12,8,8,1,309,TRUE,5,73,1,44,42,43,41,1,13.1,10.9,G,0.020223748,20.22374842,0.239870799,0.212734576,0.232957078,0.005214421,0.005054156,0.005141828,0.007,1,223.3862906
310,0,0,0,1,0,0,0,0,0,0,0,0,0,8/18/12,8,8,1,310,TRUE,5,73,1,41,37,38,40,3,15.5,13.2,G,0.042201896,42.20189569,0.297356688,0.203735122,0.245936984,0.007315351,0.005739735,0.005494482,0.017139947,1,223.3862906
311,0,1,0,1,0,0,1,0,0,0,0,1,0,8/18/12,8,8,1,311,TRUE,5,73,1,41,39,40,38,1,14.6,11.5,G,0.030805844,30.8058436,0.229732453,0.193829822,0.22463526,0.006886681,0.006135856,0.005645024,0.00509902,1,223.3862906
312,0,0,0,0,0,0,1,1,0,1,0,0,0,8/18/12,8,8,1,312,TRUE,5,73,1,41,40,41,39,0,13.8,11,G,0.027018512,27.01851217,0.221226129,0.194208651,0.221226129,0.006537448,0.005728626,0.005427825,NA,1,223.3862906
375,0,1,0,2,0,0,0,0,0,0,0,0,0,8/19/12,9,8,1,376,TRUE,6,88,1,39,38,39,37,0,14.9,12.4,G,0.048332184,48.33218389,0.266737699,0.218405586,0.266737699,0.006062028,0.005607143,0.005584916,NA,1,1490.579928
377,0,0,0,6,0,0,0,1,0,0,0,0,0,8/19/12,9,8,1,378,TRUE,6,88,1,45,43,44,42,1,14.5,11.9,G,0.034176015,34.17601498,0.280845153,0.225488359,0.259655541,0.005514798,0.005633302,0.005395707,0.02118962,1,1490.579928
379,0,0,0,9,0,0,0,0,0,2,0,0,0,8/19/12,9,8,1,380,TRUE,6,88,1,41,38,39,37,2,14.3,11.7,G,0.030016662,30.01666204,0.23101948,0.180011111,0.210021427,0.005415383,0.004962642,0.004770114,0.0105,1,1490.579928
380,0,0,0,3,1,0,0,0,0,1,1,0,0,8/19/12,9,8,1,381,TRUE,6,88,1,42,38,39,37,3,14,11.2,G,0.032984845,32.984845,0.269091063,0.207963939,0.240933601,0.006808276,0.006473761,0.006146147,0.009386752,1,1490.579928
381,0,0,0,9,0,0,0,0,0,0,0,0,0,8/19/12,9,8,1,382,TRUE,4,89,1,38,37,38,36,0,14.4,11.4,G,0.035128336,35.12833614,0.221578429,0.186453748,0.221578429,0.006032392,0.005284212,0.005112294,NA,1,1490.579928
382,0,0,0,1,0,0,0,0,0,0,0,0,0,8/19/12,9,8,1,383,TRUE,4,89,1,39,38,39,37,0,14.7,12.2,G,0.035057096,35.05709629,0.226565664,0.191512402,0.226565664,0.005138765,0.005186748,0.005078283,NA,1,1490.579928
383,0,0,0,1,0,0,0,0,0,1,1,0,0,8/19/12,9,8,1,384,TRUE,4,89,1,38,36,37,35,1,13.7,11,G,0.026172505,26.17250466,0.217559187,0.18531055,0.21148286,0.006060016,0.005408376,0.005141473,0.006082763,1,1490.579928
385,0,0,0,2,0,0,0,0,0,0,0,0,0,8/19/12,9,8,1,386,TRUE,2,90,1,35,33,34,32,1,12.7,10.2,G,0.028160256,28.16025568,0.22020445,0.179401784,0.207562039,0.007100495,0.006058887,0.005608826,0.012649111,1,1490.579928
386,0,0,0,0,0,0,0,0,0,0,0,0,0,41140,9,8,1,387,TRUE,2,90,1,40,39,40,38,0,14.1,11.3,G,0.034525353,34.525353,0.244462676,0.209938086,0.244462676,0.006339374,0.006193381,0.00592755,NA,1,1490.579928
387,0,3,0,0,0,0,0,0,0,1,0,0,0,8/19/12,9,8,1,388,TRUE,5,91,1,49,45,46,44,3,14.5,11.5,G,0.034234486,34.23448554,0.268262931,0.204978048,0.239207023,0.005655774,0.005149287,0.004850845,0.009689628,1,1490.579928
388,0,1,0,7,0,0,0,0,0,1,0,0,0,8/19/12,9,8,1,389,TRUE,5,91,1,41,36,37,35,4,14.6,11.8,G,0.032557641,32.55764119,0.265668967,0.183469343,0.216020832,0.00618325,0.005427456,0.005239735,0.012412192,1,1490.579928
389,0,0,0,6,0,0,0,0,0,0,0,0,0,8/19/12,9,8,1,390,TRUE,5,91,1,36,35,36,34,0,14.6,11.8,G,0.026305893,26.30589288,0.222894594,0.196596033,0.222894594,0.006364191,0.005910567,0.005699686,NA,1,1490.579928
391,0,0,0,3,0,0,0,1,0,0,0,0,0,8/19/12,9,8,1,392,TRUE,5,91,1,40,38,39,37,1,14.2,11.4,G,0.022203603,22.20360331,0.239883305,0.20862646,0.230828941,0.004964229,0.005115537,0.005197607,0.009055385,1,1490.579928
392,0,0,0,9,0,0,0,1,0,0,1,0,0,8/19/12,9,8,1,393,TRUE,0,0,1,34,33,34,32,0,13.9,10.5,S,0.031575307,31.57530681,0.217892175,0.186316934,0.217892175,0.006719526,0.005659139,0.005521603,NA,1,1490.579928
393,0,0,0,1,0,0,0,0,0,0,0,0,0,8/19/12,9,8,1,394,TRUE,0,0,1,39,38,39,37,0,13.3,10.6,S,0.029832868,29.83286778,0.20252901,0.172696265,0.20252901,0.006585318,0.005262065,0.004912483,NA,1,1490.579928
396,0,0,0,1,0,0,0,1,0,0,0,0,0,8/19/12,9,8,1,396,TRUE,4,92,1,40,38,39,37,1,14.2,11.6,G,0.047042534,47.04253395,0.253505424,0.198426309,0.245458754,0.005826454,0.005279284,0.005113276,0.008062258,1,1490.579928
398,1,0,0,0,0,0,0,2,0,0,0,0,0,8/19/12,9,8,1,398,TRUE,4,92,1,38,36,37,35,1,14,11.1,G,0.02236068,22.36067977,0.218874393,0.189451841,0.211811237,0.006520349,0.005966994,0.005593292,0.007071068,1,1490.579928
400,0,0,0,3,0,0,0,0,0,0,0,1,0,8/19/12,9,8,1,400,TRUE,3,93,1,40,36,37,35,3,14.7,11.8,G,0.023086793,23.08679276,0.250966133,0.200808366,0.223895065,0.005840668,0.005645872,0.005365582,0.009024658,1,1490.579928
401,0,0,0,0,0,0,0,0,0,0,0,0,0,8/19/12,9,8,1,401,TRUE,3,93,1,43,40,41,39,2,14.8,12,G,0.025079872,25.07987241,0.240208243,0.203157574,0.228219193,0.004818178,0.0049714,0.004901081,0.006,2,1490.579928
440,1,1,0,4,0,0,0,0,0,0,0,0,0,8/20/12,10,8,1,440,TRUE,2,146,1,37,34,35,33,2,15,12,G,0.036138622,36.138622,0.274308221,0.250539418,0.250539418,0.005909586,0.00570505,0.005667358,0.011884864,2,17418.69077
443,0,0,0,2,0,0,0,0,0,0,1,0,0,8/20/12,10,8,1,443,TRUE,3,106,1,43,41,42,40,1,14.5,11.6,G,0.035735137,35.73513677,0.258992278,0.209659247,0.245393561,0.0051188,0.005673804,0.00567011,0.013601471,1,17418.69077
446,0,4,1,4,0,0,0,0,0,0,0,0,0,8/20/12,10,8,1,446,TRUE,0,0,1,39,38,39,37,0,13.5,10.8,S,0.04554119,45.54119015,0.265505179,0.219965906,0.265505179,0.007732131,0.006963811,0.006546892,NA,1,17418.69077
447,0,0,0,0,0,0,0,0,0,0,0,0,0,8/20/12,10,8,1,447,TRUE,3,107,1,39,38,39,37,0,14.4,11.4,G,0.035777088,35.77708764,0.232105579,0.196328806,0.232105579,0.005611099,0.005595026,0.005552196,NA,1,17418.69077
448,0,4,1,0,0,0,0,0,0,1,0,0,0,8/20/12,10,8,1,448,TRUE,3,107,1,41,39,40,38,1,15,12,G,0.035,35,0.252031744,0.204039212,0.23903347,0.005908276,0.005966781,0.005738349,0.013,1,17418.69077
450,0,0,0,0,0,0,0,0,0,0,0,0,0,8/20/12,10,8,1,450,TRUE,2,108,1,37,35,36,34,1,13.9,11.2,G,0.026172505,26.17250466,0.238421895,0.205182845,0.231354706,0.006752086,0.006004351,0.005854713,0.007071068,1,17418.69077
451,0,0,0,0,0,1,0,0,0,0,0,0,0,8/20/12,10,8,1,451,TRUE,2,108,1,42,37,38,36,4,14.6,12,G,0.02236068,22.36067977,0.258909251,0.207927872,0.23027375,0.006275035,0.005859159,0.005746794,0.007158911,1,17418.69077
454,0,0,0,4,0,0,1,0,0,0,1,0,0,8/20/12,10,8,1,454,TRUE,0,0,1,39,38,39,37,0,14.3,11.2,S,0.032388269,32.38826948,0.19037857,0.157990506,0.19037857,0.005080781,0.004643511,0.004488618,NA,1,17418.69077
533,0,1,0,0,0,0,0,0,0,0,0,0,0,8/21/12,11,8,1,533,TRUE,3,167,1,40,37,38,36,2,14.5,11.9,G,0.026476405,26.47640459,0.260099981,0.208312266,0.234787138,0.005009396,0.005665759,0.005676171,0.012658989,1,3300.867986
535,0,3,0,2,0,0,0,0,0,1,0,0,0,8/21/12,11,8,1,535,TRUE,4,125,1,37,34,35,33,2,13.7,11,G,0.030016662,30.01666204,0.240208243,0.191167466,0.221183182,0.006921609,0.006170513,0.005661335,0.009513149,1,3300.867986
536,0,1,0,0,0,0,0,0,0,0,0,0,0,8/21/12,11,8,1,536,TRUE,3,169,1,43,40,41,39,2,14.4,11.5,G,0.023021729,23.02172887,0.234480276,0.188382589,0.211400095,0.006034017,0.005381049,0.0050688,0.011543396,1,3300.867986
538,0,0,0,0,0,0,0,0,0,0,0,0,0,8/21/12,11,8,1,538,TRUE,2,126,1,42,39,40,38,2,14.4,11.5,G,0.025495098,25.49509757,0.244626246,0.204377102,0.229869528,0.006274279,0.005840151,0.005657422,0.007382412,1,3300.867986
539,0,0,0,0,0,1,0,0,0,0,0,0,0,8/21/12,11,8,1,539,TRUE,2,126,1,34,33,34,32,0,13.9,11.2,G,0.028,28,0.216009259,0.188010638,0.216009259,0.006821609,0.006170706,0.005860526,NA,1,3300.867986
540,0,3,0,2,0,0,0,0,0,0,0,0,0,8/21/12,11,8,1,540,TRUE,2,127,1,47,41,42,40,5,15.5,12.9,G,0.030870698,30.87069808,0.272620616,0.199210943,0.230078248,0.006027916,0.006177663,0.005735538,0.008508819,1,3300.867986
541,0,2,0,4,0,0,0,0,0,1,1,0,0,8/21/12,11,8,1,541,TRUE,2,127,1,44,35,36,34,8,16.1,13.1,G,0.029529646,29.52964612,0.275588461,0.18252945,0.212058954,0.005853774,0.005713502,0.005484918,0.00794119,1,3300.867986
543,0,0,0,8,0,0,0,2,0,1,1,0,0,8/21/12,11,8,1,543,TRUE,3,128,1,47,42,43,41,4,16.1,13.1,G,0.036400549,36.40054945,0.280080346,0.213953266,0.25035375,0.005377671,0.005680826,0.005611303,0.007433034,1,3300.867986
545,0,5,1,3,0,0,0,2,0,0,0,0,0,8/21/12,11,8,1,545,TRUE,0,0,1,41,38,39,37,2,14.3,11.5,S,0.037013511,37.01351105,0.237210877,0.189169236,0.226179133,0.00542808,0.004925146,0.004868039,0.005522681,1,3300.867986
548,0,0,1,2,0,0,0,0,0,1,3,0,0,8/21/12,11,8,1,548,TRUE,5,129,1,41,38,39,37,2,15.1,12.1,G,0.032557641,32.55764119,0.246521804,0.201613492,0.234170878,0.00559213,0.005749752,0.005588054,0.006184658,1,3300.867986
549,0,0,0,0,0,0,0,0,0,0,0,0,0,8/21/12,11,8,1,549,TRUE,5,129,1,46,42,43,41,3,14.8,12,G,0.023,23,0.273029302,0.222020269,0.245018367,0.005526911,0.005868406,0.005734725,0.009339284,1,3300.867986
41,1,1,1,0,0,0,0,0,0,0,0,0,0,7/21/12,3,7,2,41,TRUE,0,0,1,54,53,54,52,0,15.5,12.6,S,0.033734256,33.73425559,0.267917898,0.234183689,0.267917898,0.003711172,0.004063868,0.004361044,NA,1,734.7261263
42,0,2,1,0,0,0,0,0,0,0,0,0,0,7/21/12,3,7,2,42,TRUE,0,0,1,44,41,42,40,2,14.3,11.6,S,0.039204592,39.20459157,0.238421895,0.187072179,0.22627638,0.005754991,0.005307399,0.004977335,0.006082763,1,734.7261263
43,0,1,0,0,0,0,1,0,0,0,0,0,0,7/21/12,3,7,2,43,TRUE,0,0,1,44,41,42,40,2,14.5,11.5,S,0.030083218,30.08321791,0.25552495,0.200743618,0.230826775,0.005018108,0.004699734,0.004749817,0.012349089,1,734.7261263
45,0,1,1,0,0,0,0,0,0,0,0,0,0,7/21/12,3,7,2,45,TRUE,0,0,1,42,40,41,39,1,15,12.5,S,0.043416587,43.41658669,0.285791882,0.214674172,0.258073633,0.005760267,0.005973199,0.005715236,0.027730849,1,734.7261263
47,0,0,0,0,0,0,0,0,0,0,0,0,0,7/21/12,3,7,2,47,TRUE,5,4,1,42,39,40,38,2,15.5,12.6,G,0.026400758,26.40075756,0.25670411,0.198010101,0.224403654,0.005219892,0.005303433,0.00512507,0.016155494,1,734.7261263
48,0,0,0,0,0,0,0,0,0,0,0,0,0,7/21/12,3,7,2,48,TRUE,3,5,1,44,41,42,40,2,15.3,12,G,0.024596748,24.59674775,0.258536264,0.217830209,0.242423184,0.004918385,0.005295464,0.005279308,0.008062258,1,734.7261263
49,1,0,0,0,0,0,0,1,0,0,0,0,0,7/21/12,3,7,2,49,TRUE,3,5,1,48,46,47,45,1,14.6,11.6,G,0.031575307,31.57530681,0.250081987,0.215557417,0.247131544,0.004489633,0.005405298,0.005305319,0.003,1,734.7261263
50,1,1,0,0,0,0,0,0,0,0,0,0,0,7/21/12,3,7,2,50,TRUE,3,5,1,42,37,38,36,4,15,12.8,G,0.027294688,27.29468813,0.28496491,0.201248602,0.228543213,0.005777738,0.005774804,0.00555665,0.014108951,1,734.7261263
51,1,0,1,0,0,0,0,0,0,0,0,0,0,7/21/12,3,7,2,51,TRUE,7,6,1,40,36,37,35,3,16,13,G,0.036878178,36.87817783,0.310257957,0.222396043,0.259268201,0.007669553,0.006753004,0.006461557,0.016996732,1,734.7261263
53,0,0,0,0,0,0,0,0,0,0,0,0,0,7/21/12,3,7,2,53,TRUE,7,6,1,39,36,37,35,2,14.4,11.5,G,0.030805844,30.8058436,0.259886514,0.205548048,0.236349318,0.006250477,0.005809659,0.005599458,0.011768602,1,734.7261263
54,0,0,0,0,0,0,0,0,0,0,0,0,0,7/21/12,3,7,2,54,TRUE,7,6,1,47,46,47,45,0,14.2,11.4,G,0.022090722,22.09072203,0.240407987,0.218330025,0.240407987,0.005024621,0.005331302,0.005268352,NA,1,734.7261263
55,0,0,0,0,0,0,0,0,0,0,0,0,0,7/21/12,3,7,2,55,TRUE,7,6,1,39,34,35,33,4,15.2,12,G,0.022203603,22.20360331,0.290903764,0.188939144,0.211142132,0.005978264,0.005737845,0.005488046,0.019940537,1,734.7261263
56,1,0,1,0,0,0,0,0,0,0,0,0,0,7/21/12,3,7,2,56,TRUE,7,6,1,38,36,37,35,1,13.8,11.8,G,0.037854986,37.85498646,0.249595673,0.199379036,0.237227739,0.006496728,0.006210906,0.005759026,0.012369317,1,734.7261263
64,3,0,0,0,0,0,0,0,0,0,0,0,0,7/22/12,4,7,2,64,TRUE,12,9,1,34,31,32,30,2,13.8,10.8,G,0.035057096,35.05709629,0.223056047,0.171046777,0.20608736,0.005608276,0.005359089,0.005136156,0.008514693,1,1445.611803
65,1,0,0,0,0,0,0,0,0,0,0,0,0,7/22/12,4,7,2,65,TRUE,12,9,1,40,39,40,38,0,14.1,11.5,G,0.025632011,25.63201124,0.237143417,0.211513593,0.237143417,0.00602266,0.006205134,0.005991712,NA,1,1445.611803
66,0,0,0,0,0,1,0,0,0,0,0,0,0,7/22/12,4,7,2,66,TRUE,5,10,1,47,46,47,45,0,14.2,11.5,G,0.015811388,15.8113883,0.23281323,0.217006912,0.23281323,0.004067281,0.004485596,0.004793583,NA,1,1445.611803
67,0,0,0,1,0,1,0,0,0,0,0,0,0,7/22/12,4,7,2,67,TRUE,5,11,1,42,39,40,38,2,14,10.9,G,0.015033296,15.03329638,0.233070805,0.195869855,0.210867257,0.005166845,0.005118471,0.005028586,0.011101802,1,1445.611803
68,0,1,0,1,0,3,0,0,0,0,0,0,0,7/22/12,4,7,2,68,TRUE,7,12,1,40,39,40,38,0,14,11.3,G,0.024186773,24.18677324,0.212595861,0.188409129,0.212595861,0.006159562,0.005208149,0.004817935,NA,1,1445.611803
71,0,0,0,0,0,0,0,0,0,0,0,0,0,7/22/12,4,7,2,71,TRUE,0,0,1,38,35,36,34,2,14.3,11,S,0.047853944,47.85394446,0.241234326,0.180235956,0.228089895,0.006041277,0.005426962,0.005122833,0.006576473,1,1445.611803
90,0,1,0,1,0,1,1,0,0,0,0,0,0,7/23/12,5,7,2,91,TRUE,0,0,1,42,38,39,37,3,15.2,11.9,S,0.029017236,29.01723626,0.255001961,0.2000025,0.229,0.005526454,0.005713227,0.005459467,0.008673075,2,3764.890579
95,0,0,0,0,0,0,0,0,0,0,0,0,0,7/23/12,5,7,2,96,TRUE,4,26,1,39,38,39,37,0,14.6,11.6,G,0.042107007,42.10700654,0.242744722,0.200638979,0.242744722,0.004267017,0.005308745,0.00525192,NA,2,3764.890579
96,0,1,2,1,0,2,0,0,0,0,0,0,0,7/23/12,5,7,2,97,TRUE,15,27,1,57,56,57,55,0,14.6,12.4,G,0.022090722,22.09072203,0.270894814,0.248805145,0.270894814,0.003628538,0.004588936,0.004837302,NA,2,3764.890579
109,0,0,0,0,0,0,0,0,0,0,0,0,0,7/24/12,6,7,2,109,TRUE,2,139,1,50,47,48,46,2,13.9,11.5,G,0.027,27,0.275007273,0.23500851,0.262007633,0.004160653,0.004340228,0.004632183,0.0065,2,133.2678283
111,0,1,0,3,0,1,0,0,0,0,0,0,0,7/24/12,6,7,2,111,TRUE,2,32,1,51,50,51,49,0,16.9,14.1,G,0.035355339,35.35533906,0.302788705,0.267434104,0.302788705,0.006879632,0.006777977,0.006472964,NA,2,133.2678283
116,0,1,0,0,0,0,0,0,0,0,0,0,0,7/24/12,6,7,2,116,TRUE,3,34,1,30,29,30,28,0,13.5,11.3,G,0.044654227,44.65422712,0.204416242,0.204416242,0.204416242,0.007568999,0.006077759,0.005754923,NA,2,133.2678283
199,1,0,1,0,1,0,0,0,0,0,0,0,0,8/17/12,7,8,2,199,TRUE,2,50,1,46,45,46,44,0,14.7,12,G,0.039446166,39.44616585,0.260509117,0.221063339,0.260509117,0.005478227,0.005776094,0.005559389,NA,2,
204,1,1,0,0,0,0,0,0,0,0,0,0,0,8/17/12,7,8,2,204,TRUE,0,0,1,38,35,36,34,2,14,11.6,S,0.047434165,47.4341649,0.291953763,0.219829479,0.26725456,0.00649092,0.006133504,0.006087946,0.012369317,1,
205,0,0,0,0,0,0,1,0,0,0,0,0,0,8/17/12,7,8,2,205,TRUE,0,0,1,39,38,39,37,0,15,11.7,S,0.036138622,36.138622,0.236812162,0.200683831,0.236812162,0.006479328,0.006112891,0.005714934,NA,1,
206,0,1,0,0,0,0,2,0,0,0,0,0,0,8/17/12,7,8,2,206,TRUE,0,0,1,50,44,45,43,5,15.7,12.5,S,0.034365681,34.36568055,0.304962293,0.211910358,0.246270177,0.004415662,0.00449948,0.004575427,0.011738824,1,
207,0,0,0,0,0,0,0,0,0,0,0,0,0,8/17/12,7,8,2,207,TRUE,0,0,1,37,36,37,35,0,14.3,11.4,S,0.028,28,0.24300823,0.215009302,0.24300823,0.007507107,0.006603553,0.006242843,NA,1,
208,1,1,0,1,0,1,1,0,0,0,0,0,0,8/17/12,7,8,2,208,TRUE,0,0,1,44,43,44,42,0,14.1,11.3,S,0.038470768,38.47076812,0.250449596,0.21198349,0.250449596,0.005090791,0.004836891,0.004873072,NA,1,
209,0,0,0,0,0,0,0,0,0,0,0,0,0,8/17/12,7,8,2,209,TRUE,3,51,1,36,35,36,34,0,14.5,11.7,G,0.03324154,33.24154028,0.241665057,0.208434642,0.241665057,0.005212555,0.006062648,0.005889078,NA,1,
210,0,1,0,2,0,1,1,0,0,0,0,0,0,8/17/12,7,8,2,210,TRUE,3,51,1,59,58,59,57,0,15.4,12.5,G,0.034014703,34.0147027,0.279216762,0.245203997,0.279216762,0.004424621,0.004382735,0.004439997,NA,1,
211,0,0,1,0,0,0,0,0,0,0,0,0,0,8/17/12,7,8,2,211,TRUE,3,51,1,47,45,46,44,1,14.3,11.9,G,0.035355339,35.35533906,0.2508944,0.201400099,0.236753036,0.005472713,0.005681779,0.00540476,0.014142136,1,
213,0,0,0,0,0,0,0,0,0,0,0,0,0,8/17/12,7,8,2,213,TRUE,3,52,1,56,53,54,52,2,15.2,12.5,G,0.015033296,15.03329638,0.254568262,0.22450167,0.239534966,0.004436815,0.005135188,0.004593075,0.007516648,1,
214,0,2,0,1,0,0,1,0,0,0,0,0,0,8/17/12,7,8,2,214,TRUE,3,52,1,44,42,43,41,1,14,11.5,G,0.024515301,24.51530134,0.240869259,0.211265236,0.235771075,0.005481445,0.005744445,0.005455253,0.00509902,1,
216,0,0,0,0,0,0,2,0,0,0,0,0,0,8/17/12,7,8,2,216,TRUE,5,53,1,35,34,35,33,0,15.2,12.2,G,0.039,39,0.245120379,0.206128601,0.245120379,0.00567415,0.005424706,0.005454374,NA,1,
217,0,0,0,1,0,1,0,0,0,0,0,0,0,8/17/12,7,8,2,217,TRUE,5,53,1,42,38,39,37,3,15.5,12.6,G,0.022825424,22.82542442,0.269156089,0.227107904,0.24992999,0.006151345,0.006166599,0.006134559,0.006411795,1,
218,0,2,0,1,0,0,0,0,0,0,0,0,0,8/17/12,7,8,2,218,TRUE,5,53,1,49,48,49,47,0,14.2,11.5,G,0.031048349,31.04834939,0.264560012,0.233520877,0.264560012,0.005333162,0.005807013,0.005774903,NA,1,
219,0,0,0,0,0,0,2,0,0,0,0,0,0,8/17/12,7,8,2,219,TRUE,5,53,1,43,40,41,39,2,15.5,12.6,G,0.030083218,30.08321791,0.261681104,0.219246437,0.249323084,0.004958243,0.005867316,0.005862495,0.006184658,1,
220,0,0,0,0,0,0,0,0,0,0,0,0,0,8/17/12,7,8,2,220,TRUE,0,0,1,54,53,54,52,0,14.1,11.6,S,0.024041631,24.04163056,0.243515913,0.21947665,0.243515913,0.003825821,0.004399112,0.00435596,NA,1,
221,0,0,0,0,0,0,0,0,0,0,0,0,0,8/17/12,7,8,2,221,TRUE,0,0,1,42,41,42,40,0,14,11.2,S,0.027202941,27.20294102,0.238144914,0.21094312,0.238144914,0.006212306,0.005804101,0.005535465,NA,1,
223,0,0,0,0,0,0,2,0,0,0,0,0,0,8/17/12,7,8,2,223,TRUE,2,54,1,38,37,38,36,1,14.1,11.5,G,0.02570992,25.70992026,0.220077259,0.194373352,0.220077259,0.005845781,0.005487099,0.005292373,0,1,
224,0,0,0,0,0,0,0,0,0,0,0,0,0,8/17/12,7,8,2,224,TRUE,6,55,1,35,33,34,32,1,13.7,11,G,0.038327536,38.32753579,0.227264163,0.181868084,0.220193097,0.005778977,0.005830188,0.005434603,0.007071068,1,
225,0,0,0,0,0,0,0,0,0,0,0,0,0,8/17/12,7,8,2,225,TRUE,6,55,1,38,35,36,34,2,14.5,11.9,G,0.034014703,34.0147027,0.254238077,0.206196508,0.240208243,0.005124829,0.005321503,0.005301164,0.007017834,1,
227,0,0,0,0,0,0,0,0,0,0,0,0,0,8/17/12,7,8,2,227,TRUE,6,55,1,37,36,37,35,0,13.2,11,G,0.030016662,30.01666204,0.236008474,0.206002427,0.236008474,0.007313333,0.006660804,0.006168644,NA,1,
228,0,1,0,0,0,0,0,0,0,0,0,0,0,8/17/12,7,8,2,228,TRUE,6,55,1,58,57,58,56,0,15.4,12.5,G,0.022090722,22.09072203,0.272341697,0.250251873,0.272341697,0.005062217,0.004702117,0.004968965,NA,1,
230,0,0,0,0,0,0,0,0,0,0,0,0,0,8/17/12,7,8,2,230,TRUE,4,56,1,44,43,44,42,0,14.7,11.7,G,0.024083189,24.08318916,0.244663034,0.220581051,0.244663034,0.005533561,0.005932164,0.005916808,NA,1,
231,0,0,0,0,0,0,1,0,0,0,0,0,0,8/17/12,7,8,2,231,TRUE,4,56,1,40,38,39,37,1,14.1,11,G,0.036878178,36.87817783,0.23928226,0.197306868,0.234183689,0.005007308,0.005325496,0.005290186,0.00509902,1,
232,0,0,0,0,0,1,2,0,0,0,0,0,0,8/17/12,7,8,2,232,TRUE,4,56,1,44,43,44,42,0,15,12.2,G,0.035355339,35.35533906,0.258518858,0.223163617,0.258518858,0.004960195,0.005516984,0.00567799,NA,1,
233,0,0,0,0,0,0,0,0,0,0,0,0,0,8/17/12,7,8,2,233,TRUE,4,56,1,34,32,33,31,1,13.9,10.9,G,0.027166155,27.16615541,0.208165799,0.163884105,0.191049732,0.005643463,0.005297691,0.005008605,0.017117243,1,
235,0,0,0,0,0,0,0,0,0,0,0,0,0,8/17/12,7,8,2,235,TRUE,2,57,1,42,39,40,38,2,14,11.7,G,0.026172505,26.17250466,0.245961379,0.203666394,0.229836899,0.005476361,0.005564441,0.005502785,0.008062258,1,
237,0,0,0,0,0,0,0,0,0,0,0,0,0,8/17/12,7,8,2,237,TRUE,5,58,1,35,33,34,32,1,14.1,11.3,G,0.036013886,36.01388621,0.252239965,0.21023796,0.246245812,0.007341167,0.006529673,0.006191973,0.006,1,
238,1,0,0,1,0,0,0,0,0,0,0,0,0,8/17/12,7,8,2,238,TRUE,5,58,1,36,33,34,32,2,13.2,10.9,G,0.017720045,17.72004515,0.228002193,0.196379734,0.214086431,0.006152297,0.005871061,0.005675433,0.006964194,1,
239,0,0,1,0,0,1,0,0,0,0,0,0,0,8/17/12,7,8,2,239,TRUE,5,58,1,32,29,30,28,2,14.5,12,G,0.035902646,35.90264614,0.239927072,0.186560982,0.22246348,0.006251768,0.006164009,0.005838962,0.008732125,1,
240,0,0,0,0,0,0,2,0,0,0,0,0,0,8/17/12,7,8,2,240,TRUE,5,58,1,31,30,31,29,0,14,11.7,G,0.024515301,24.51530134,0.196621464,0.172130764,0.196621464,0.005671087,0.005325121,0.005036437,NA,1,
241,0,0,0,0,0,0,0,0,0,0,0,0,0,8/17/12,7,8,2,241,TRUE,3,59,1,41,39,40,38,1,14.5,11.9,G,0.028284271,28.28427125,0.239200753,0.205827598,0.234104677,0.005079999,0.004932407,0.004922732,0.00509902,2,
242,0,0,0,0,0,0,0,0,0,0,0,0,0,8/17/12,7,8,2,242,TRUE,3,59,1,36,35,36,34,0,14.4,12.2,G,0.041436699,41.43669871,0.239870799,0.239870799,0.239870799,0.006595972,0.005956698,0.005859089,NA,2,
243,0,0,1,2,0,0,0,0,0,0,0,0,0,8/17/12,7,8,2,243,TRUE,3,59,1,39,37,38,36,1,15.2,12.3,G,0.044407207,44.40720662,0.263946964,0.252039679,0.252039679,0.005563267,0.005410527,0.00530869,0.012,2,
244,0,0,0,13,0,0,0,0,0,0,0,0,0,8/17/12,7,8,2,244,TRUE,2,60,1,35,34,35,33,0,14.5,12,G,0.037656341,37.65634077,0.243199507,0.243199507,0.243199507,0.00837399,0.00711044,0.006648714,NA,2,
247,0,1,0,0,0,1,2,0,0,0,0,0,0,8/17/12,7,8,2,247,TRUE,3,61,1,39,37,38,36,1,14.3,11.4,G,0.043011626,43.01162634,0.252033728,0.19732714,0.240333102,0.006885717,0.006256537,0.005805982,0.0117047,2,
249,0,0,0,0,0,0,0,0,0,0,0,0,0,8/17/12,7,8,2,249,TRUE,2,62,1,47,45,46,44,1,14.4,11.6,G,0.026172505,26.17250466,0.232458598,0.199218473,0.225390772,0.004751076,0.004851497,0.00493639,0.007071068,2,
255,0,0,0,0,0,0,2,0,0,0,0,0,0,8/17/12,7,8,2,257,TRUE,6,63,1,42,40,41,39,1,13.2,11,G,0.032249031,32.24903099,0.237427884,0.200212387,0.232458598,0.006354483,0.006202883,0.005772155,0.005,2,
257,0,0,0,1,0,0,6,0,0,0,0,0,0,8/17/12,7,8,2,259,TRUE,3,64,1,47,46,47,45,0,14.5,11.5,G,0.037107951,37.10795063,0.263655078,0.263655078,0.263655078,0.004810358,0.005508615,0.005370053,NA,2,
258,0,0,0,0,0,0,0,0,0,0,0,0,0,8/17/12,7,8,2,260,TRUE,3,64,1,38,37,38,36,0,14.1,11.5,G,0.032249031,32.24903099,0.236433923,0.236433923,0.236433923,0.006358353,0.006507163,0.006139221,NA,2,
259,0,1,0,0,0,0,0,0,0,0,0,0,0,8/17/12,7,8,2,261,TRUE,0,0,1,45,44,45,43,0,13.5,11.1,S,0.025,25,0.244100389,0.219111844,0.244100389,0.003712311,0.004476186,0.004784259,NA,2,
261,0,0,0,0,0,0,0,0,0,0,0,0,0,8/17/12,7,8,2,263,TRUE,11,65,1,46,44,45,43,1,14,10.5,G,0.032280025,32.28002478,0.265126385,0.221449769,0.253728201,0.00465203,0.005515426,0.005579209,0.011401754,2,
262,0,0,0,0,0,0,0,0,0,0,0,0,0,8/17/12,7,8,2,264,TRUE,11,65,1,41,40,41,39,0,14.1,12.4,G,0.032893768,32.89376841,0.253160028,0.220272558,0.253160028,0.005478017,0.006227115,0.005921842,NA,2,
263,0,0,0,0,0,0,1,0,0,0,0,0,0,8/17/12,7,8,2,265,TRUE,11,65,1,42,40,41,39,1,13.7,11.6,G,0.016552945,16.55294536,0.242392244,0.217349948,0.233848241,0.006284783,0.006139258,0.005939011,0.008544004,2,
265,0,3,0,0,0,1,4,0,0,0,0,0,0,8/17/12,7,8,2,267,TRUE,11,65,1,42,40,41,39,1,14.7,12.5,G,0.030456638,30.45663846,0.258425658,0.244329363,0.244329363,0.00588693,0.006079053,0.00594839,0.014104184,2,
266,0,0,0,0,0,0,0,0,0,0,0,0,0,8/17/12,7,8,2,268,TRUE,11,65,1,33,31,32,30,1,12.5,10.8,G,0.021587033,21.58703314,0.224116041,0.191366141,0.212953046,0.006180392,0.00587755,0.005574735,0.01118034,2,
268,0,0,0,0,0,0,0,0,0,0,0,0,0,8/17/12,7,8,2,270,TRUE,11,65,1,38,34,35,33,3,14.4,11.6,G,0.037,37,0.266152212,0.199123078,0.236103791,0.006671099,0.006060696,0.005733481,0.010022198,2,
270,0,0,0,0,0,0,1,0,0,0,0,0,0,8/17/12,7,8,2,272,TRUE,11,65,1,41,39,40,38,1,13,11.1,G,0.019026298,19.02629759,0.215573653,0.186424247,0.205406913,0.005868748,0.005211538,0.005023039,0.010198039,2,
313,0,0,1,0,0,0,0,1,0,0,0,1,0,8/18/12,8,8,2,313,TRUE,0,0,1,35,33,34,32,1,13.7,10.7,S,0.032388269,32.38826948,0.217892175,0.178272264,0.210641876,0.006323601,0.005810467,0.005468674,0.00728011,1,1213.689518
314,0,1,0,0,0,0,1,0,0,0,0,0,0,8/18/12,8,8,2,314,TRUE,0,0,1,37,34,35,33,2,13.9,11.4,S,0.042579338,42.57933771,0.251447808,0.19487945,0.237446836,0.006065497,0.005967549,0.005632772,0.007017834,1,1213.689518
315,0,0,0,0,0,0,0,0,0,0,0,1,0,8/18/12,8,8,2,315,TRUE,0,0,1,39,36,37,35,2,15.2,12,S,0.022022716,22.02271555,0.2448183,0.204707108,0.226715681,0.005037596,0.00559327,0.005561887,0.009055385,1,1213.689518
316,0,0,0,0,0,0,0,0,0,0,0,2,0,8/18/12,8,8,2,316,TRUE,3,74,1,40,37,38,36,2,14.6,11.6,G,0.028442925,28.44292531,0.257287777,0.213721782,0.242161103,0.005688027,0.006083572,0.005965361,0.007566373,1,1213.689518
318,0,1,0,4,1,0,1,0,0,1,0,0,0,8/18/12,8,8,2,318,TRUE,2,75,1,39,37,38,36,1,13.5,10.5,G,0.018681542,18.68154169,0.227881548,0.197524682,0.21620592,0.006974155,0.005832519,0.005630638,0.0117047,1,1213.689518
403,0,0,0,0,0,0,0,1,0,0,0,0,0,8/19/12,9,8,2,403,TRUE,3,94,1,37,36,37,35,0,14.7,11.8,G,0.019104973,19.10497317,0.236326046,0.217221086,0.236326046,0.007656262,0.006550675,0.006255733,NA,2,38147.75201
405,0,0,0,0,0,0,0,0,0,0,0,0,0,8/19/12,9,8,2,405,TRUE,0,0,1,36,34,35,33,1,12.4,10.7,S,0.038470768,38.47076812,0.22947331,0.183412104,0.221882852,0.006249563,0.006067603,0.005647903,0.007615773,2,38147.75201
406,0,2,1,1,0,0,0,0,0,0,0,0,0,8/19/12,9,8,2,406,TRUE,0,0,1,37,37,38,36,1,15,12.5,S,0.031144823,31.144823,0.220735135,0.220735135,0.251876954,0.006835822,0.006487432,0.006356567,0.031144823,2,38147.75201
407,0,0,1,1,0,0,0,0,0,0,0,0,0,8/19/12,9,8,2,407,TRUE,0,0,1,32,30,31,29,1,14,11,S,0.043081318,43.08131846,0.23249086,0.179938879,0.223020178,0.007123801,0.006323271,0.0057819,0.009486833,2,38147.75201
409,0,1,0,0,0,0,1,0,0,1,0,0,0,8/19/12,9,8,2,409,TRUE,5,95,1,44,41,42,40,2,14.7,11.9,G,0.033955854,33.95585369,0.252970354,0.199624648,0.233574399,0.005281877,0.0055529,0.005433072,0.009708244,2,38147.75201
410,0,0,1,2,0,0,0,0,1,0,0,0,0,8/19/12,9,8,2,410,TRUE,6,96,1,42,39,40,38,2,14.5,11.9,G,0.034365681,34.36568055,0.22703524,0.182482876,0.216843261,0.006038158,0.005412691,0.005103962,0.00509902,2,38147.75201
412,0,0,0,0,0,0,0,0,0,0,0,0,0,8/19/12,9,8,2,412,TRUE,6,96,1,34,32,33,31,1,13.6,11.1,G,0.039458839,39.45883931,0.237065392,0.188403822,0.2278618,0.007322442,0.006254822,0.005703331,0.009219544,2,38147.75201
414,0,0,0,0,0,0,0,0,0,0,0,0,0,8/19/12,9,8,2,414,TRUE,6,96,1,41,39,40,38,1,14.4,11.5,G,0.033015148,33.01514804,0.239075302,0.194064422,0.227079281,0.00635167,0.005685737,0.005353514,0.012,2,38147.75201
415,1,0,0,2,0,2,0,0,0,0,0,0,0,8/19/12,9,8,2,415,TRUE,6,96,1,44,41,42,40,2,13.2,10.9,G,0.042201896,42.20189569,0.251033862,0.197436066,0.239633053,0.004961849,0.005486035,0.005470874,0.005700877,2,38147.75201
417,0,0,0,1,0,1,0,0,0,0,0,0,0,8/19/12,9,8,2,417,TRUE,2,97,1,38,36,37,35,1,14.6,11.8,G,0.040261644,40.26164428,0.233574399,0.222173356,0.222173356,0.006545375,0.005910654,0.005627901,0.011401754,2,38147.75201
456,0,8,1,0,0,1,1,0,0,0,0,0,0,8/20/12,10,8,2,456,TRUE,0,148,1,45,43,44,42,1,14.2,11.7,S,0.038832976,38.83297568,0.255148976,0.205138977,0.24397131,0.004728875,0.004672098,0.004757482,0.01118034,1,2577.239722
458,0,0,0,0,0,0,0,0,0,0,0,0,0,8/20/12,10,8,2,458,TRUE,3,150,1,44,43,44,42,0,14.7,11.6,G,0.022022716,22.02271555,0.234173013,0.21215089,0.234173013,0.005122213,0.005068798,0.005218349,NA,1,2577.239722
459,0,0,0,1,0,0,0,0,0,0,0,0,0,8/20/12,10,8,2,459,TRUE,4,151,1,40,39,40,38,0,14.2,11.5,G,0.019416488,19.41648784,0.226585525,0.207171427,0.226585525,0.006277108,0.006276528,0.005962953,NA,1,2577.239722
460,18,0,0,0,0,0,0,0,0,0,0,0,0,8/20/12,10,8,2,460,TRUE,0,0,1,42,39,40,38,2,13.4,11,S,0.026,26,0.249008032,0.204002451,0.230002174,0.0041,0.005203553,0.005402843,0.009513149,1,2577.239722
461,0,0,0,1,0,0,0,0,0,0,0,0,0,8/20/12,10,8,2,461,TRUE,2,109,1,34,33,34,32,0,12.8,10.5,G,0.026925824,26.92582404,0.203246156,0.176323566,0.203246156,0.007454179,0.006157392,0.005628744,NA,1,2577.239722
462,0,0,0,4,0,0,0,0,0,0,0,0,0,8/20/12,10,8,2,462,TRUE,2,109,1,40,37,38,36,2,14.5,12,G,0.03132092,31.32091953,0.251644591,0.202607996,0.233925202,0.006261703,0.006198609,0.006004411,0.008860023,1,2577.239722
463,0,0,0,1,0,0,2,2,0,0,0,0,0,8/20/12,10,8,2,463,TRUE,2,110,1,40,37,38,36,2,14.1,11.6,G,0.034014703,34.0147027,0.245130577,0.194092761,0.228107431,0.005718178,0.005818178,0.005619467,0.008514693,1,2577.239722
464,7,4,0,5,0,0,0,0,0,0,0,0,0,8/20/12,10,8,2,464,TRUE,2,110,1,41,38,39,37,2,15.2,12.7,G,0.039812058,39.81205847,0.263188146,0.192782261,0.232594067,0.005733783,0.005375136,0.005338843,0.015297059,1,2577.239722
465,12,4,0,0,0,0,0,0,0,0,0,0,0,8/20/12,10,8,2,465,TRUE,2,111,1,44,41,42,40,2,15.1,12,G,0.035468296,35.4682957,0.262057246,0.20505609,0.240520269,0.005776694,0.005677504,0.005572124,0.01077033,1,2577.239722
516,0,0,0,0,0,0,0,0,0,0,0,0,0,8/21/12,11,8,2,516,TRUE,0,161,1,44,41,42,40,2,14.4,12.3,S,0.028460499,28.46049894,0.257846854,0.216411645,0.244859143,0.003452044,0.00472576,0.004933439,0.0065,1,26263.97296
517,0,2,0,0,0,0,1,0,0,0,0,0,0,8/21/12,11,8,2,517,TRUE,2,162,1,42,39,40,38,2,15.4,12.8,G,0.035057096,35.05709629,0.275800653,0.204626489,0.239676866,0.006644099,0.006133879,0.005795988,0.018062392,1,26263.97296
518,0,1,0,0,0,0,0,0,0,0,0,0,0,8/21/12,11,8,2,518,TRUE,3,163,1,39,38,39,37,0,14.8,12.2,G,0.032984845,32.984845,0.265113183,0.232131428,0.265113183,0.006311494,0.006413752,0.006357226,NA,1,26263.97296
519,0,2,0,0,1,0,0,0,0,0,0,0,0,8/21/12,11,8,2,519,TRUE,3,164,1,34,33,34,32,0,14,11.5,G,0.034928498,34.92849839,0.212492353,0.177564073,0.212492353,0.007104186,0.00598383,0.00552497,NA,1,26263.97296
520,0,0,4,5,8,0,0,0,0,1,0,0,0,8/21/12,11,8,2,520,TRUE,0,165,1,44,43,44,42,0,16.1,13.1,S,0.048301139,48.3011387,0.285322624,0.237023206,0.285322624,0.006860738,0.006343691,0.006104515,NA,1,26263.97296
521,0,2,0,0,0,1,0,0,0,0,0,0,0,8/21/12,11,8,2,521,TRUE,0,0,1,37,36,37,35,0,14.7,12.1,S,0.01603122,16.03121954,0.229490741,0.213459598,0.229490741,0.007326665,0.00672886,0.006399894,NA,1,26263.97296
522,0,0,0,1,0,0,0,0,0,0,0,0,0,8/21/12,11,8,2,522,TRUE,4,124,1,47,45,46,44,1,16,13,G,0.040496913,40.49691346,0.303981907,0.253061257,0.29355749,0.006965641,0.006665089,0.006236955,0.010440307,1,26263.97296
523,0,0,0,0,0,0,0,0,0,0,0,0,0,8/21/12,11,8,2,523,TRUE,4,124,1,41,38,39,37,2,14.9,12.2,G,0.039357337,39.35733731,0.259393523,0.194095337,0.233452351,0.004418748,0.005344724,0.005321628,0.012971122,1,26263.97296
524,0,0,0,3,0,0,0,1,0,0,1,0,0,8/21/12,11,8,2,524,TRUE,4,124,1,48,42,43,41,5,16.6,13.5,G,0.027892651,27.89265136,0.322572472,0.245203997,0.273095221,0.0050745,0.00568443,0.005703613,0.009895454,1,26263.97296
526,0,0,1,9,1,0,0,0,0,0,0,0,0,8/21/12,11,8,2,526,TRUE,0,0,1,41,37,38,36,3,14.1,11.5,S,0.029614186,29.61418579,0.261444067,0.199278699,0.228886435,0.006314412,0.005750759,0.00541934,0.010852547,1,26263.97296
528,0,6,0,5,0,0,1,0,0,1,1,0,0,8/21/12,11,8,2,529,TRUE,0,0,1,43,38,39,37,4,14.1,12,S,0.01811077,18.11077028,0.289389012,0.226267541,0.244346066,0.005337982,0.005730236,0.00579081,0.011261106,1,26263.97296
531,0,5,1,0,0,0,0,0,0,1,0,0,0,8/21/12,11,8,2,531,TRUE,0,0,1,40,37,38,36,2,13.9,11,S,0.025632011,25.63201124,0.223787846,0.189612763,0.215244048,0.006885822,0.006237752,0.005808685,0.004272002,1,26263.97296
3,0,0,0,0,0,0,0,0,0,0,0,0,0,7/19/12,1,7,3,3,TRUE,6,1,1,47,43,44,42,3,15.7,13,G,0.020396078,20.39607805,0.274233477,0.243821656,0.243821656,0.005410828,0.005594283,0.005519536,0.010137938,2,
4,0,0,0,0,0,0,0,0,0,0,0,0,0,7/19/12,1,7,3,4,TRUE,6,1,1,42,38,39,37,3,14.8,12.1,G,0.022561028,22.56102835,0.254196774,0.221639347,0.221639347,0.005213578,0.005419307,0.005412864,0.010852547,2,
5,0,0,0,0,0,0,0,0,0,0,0,0,0,7/19/12,1,7,3,5,TRUE,6,1,1,44,40,41,39,3,16,13,G,0.044654227,44.65422712,0.279873186,0.199719804,0.244364482,0.005363557,0.005734658,0.005433942,0.011836854,2,
6,0,0,0,0,0,0,0,0,0,0,0,0,0,7/19/12,1,7,3,6,TRUE,6,1,1,43,41,42,40,1,13.8,10.8,G,0.032557641,32.55764119,0.243647286,0.203039405,0.235594991,0.005595266,0.005452071,0.005377163,0.008062258,1,
7,0,0,0,0,0,0,0,0,0,0,0,0,0,7/19/12,1,7,3,7,TRUE,6,1,1,44,41,42,40,2,14.8,12.3,G,0.037121422,37.12142239,0.259433999,0.244401309,0.244401309,0.00442808,0.005172104,0.005192661,0.007516648,2,
8,0,0,0,0,0,0,0,0,0,0,0,0,0,7/19/12,1,7,3,8,TRUE,7,2,1,42,39,40,38,2,14,11.7,G,0.025179357,25.17935662,0.24169609,0.192200416,0.217368351,0.006918363,0.005905144,0.005616961,0.012165525,2,
9,0,0,0,0,0,0,0,0,0,0,0,0,0,7/19/12,1,7,3,9,TRUE,7,2,1,42,38,39,37,3,14.5,11.6,G,0.031016125,31.01612484,0.276088754,0.226079632,0.257095313,0.006013815,0.005961046,0.005812797,0.006333333,2,
10,2,0,0,0,0,0,0,0,0,0,0,0,0,7/19/12,1,7,3,10,TRUE,7,2,1,37,34,35,33,2,15.2,12.2,G,0.036878178,36.87817783,0.243195395,0.186903719,0.223778909,0.006146901,0.005642971,0.005495144,0.009708244,2,
11,0,0,0,0,0,0,0,0,0,0,0,0,0,7/19/12,1,7,3,11,TRUE,7,2,1,41,37,38,36,3,14,11.9,G,0.020450509,20.45050854,0.23651115,0.229463197,0.229463197,0.004387878,0.004031016,0.00409491,0.007047953,2,
12,0,0,0,0,0,0,0,0,0,0,0,0,0,7/19/12,1,7,3,12,TRUE,7,2,1,45,41,42,40,3,14.7,12.3,G,0.028,28,0.283007067,0.220009091,0.248008064,0.005740212,0.005670106,0.005536085,0.011666667,2,
13,0,0,0,0,0,0,0,0,0,0,0,0,0,7/19/12,1,7,3,13,TRUE,7,2,1,47,43,44,42,3,14.1,11.7,G,0.031016125,31.01612484,0.241962807,0.195724296,0.226737734,0.004854064,0.004525411,0.004308949,0.005077182,2,
14,0,0,0,0,0,0,0,0,0,0,0,0,0,7/19/12,1,7,3,14,TRUE,7,2,1,43,42,43,41,0,14.6,12,G,0.034234486,34.23448554,0.239426398,0.205204776,0.239426398,0.006006661,0.005739687,0.005528556,NA,2,
16,0,0,0,0,0,0,0,0,0,0,0,0,0,7/19/12,1,7,3,16,TRUE,3,3,1,40,38,39,37,1,14.2,11.2,G,0.023086793,23.08679276,0.25842794,0.216667949,0.239754041,0.006719988,0.006097816,0.005852875,0.018681542,1,
17,0,0,0,0,0,0,0,0,0,0,0,0,0,7/19/12,1,7,3,17,TRUE,3,3,1,49,46,47,45,2,15.8,12.9,G,0.032015621,32.01562119,0.287424773,0.237951676,0.269966665,0.00694614,0.006380368,0.006021263,0.008732125,2,
18,0,1,0,0,0,0,1,0,0,0,0,0,0,7/19/12,1,7,3,18,TRUE,0,0,1,46,44,45,43,1,14.8,11.7,S,0.031144823,31.144823,0.245381336,0.211149236,0.242293211,0.005246715,0.005197106,0.005129567,0.003162278,1,
21,1,0,1,0,0,0,0,0,0,0,0,0,0,7/19/12,1,7,3,21,TRUE,0,0,1,49,43,44,42,5,15.5,11.7,S,0.021587033,21.58703314,0.275181758,0.213789616,0.235372046,0.005529148,0.005489053,0.00541136,0.007962412,2,
22,0,0,0,0,0,0,0,0,0,0,0,0,0,7/19/12,1,7,3,22,TRUE,0,0,1,37,34,35,33,2,14.4,11.8,S,0.036345564,36.34556369,0.289067466,0.220336107,0.256680736,0.007997262,0.006885166,0.006440979,0.016194135,2,
23,0,0,0,0,0,0,0,0,0,0,0,0,0,7/19/12,1,7,3,23,TRUE,0,0,1,46,45,46,44,0,14.5,12,S,0.042426407,42.42640687,0.296445611,0.254023621,0.296445611,0.005659591,0.005920255,0.00583533,NA,2,
24,0,0,0,0,0,0,0,0,0,0,0,0,0,7/19/12,1,7,3,24,TRUE,0,0,1,50,45,46,44,4,13.7,11.5,S,0.036345564,36.34556369,0.266720828,0.204215572,0.240559764,0.004394162,0.003631794,0.004079978,0.006543126,2,
25,0,0,0,0,0,0,0,0,0,0,0,0,0,7/19/12,1,7,3,25,TRUE,0,0,1,36,35,36,34,0,13.1,10.5,S,0.028861739,28.86173938,0.206951685,0.178101095,0.206951685,0.006059455,0.005390117,0.00521078,NA,2,
26,0,0,0,0,0,0,0,0,0,0,0,0,0,7/19/12,1,7,3,26,TRUE,0,0,1,58,57,58,56,0,15.2,12.6,S,0.037336309,37.33630941,0.302367326,0.265035847,0.302367326,0.004873288,0.005535848,0.005245622,NA,2,
29,0,0,0,0,0,0,0,0,0,0,0,0,0,7/19/12,1,7,3,29,TRUE,0,0,1,39,34,35,33,4,14.2,11.5,S,0.036496575,36.49657518,0.271919106,0.235423024,0.235423024,0.006133024,0.005802653,0.005652514,0.009124144,2,
72,1,1,0,2,2,0,0,0,0,0,0,0,0,7/22/12,4,7,3,72,TRUE,5,13,1,38,37,38,36,0,14.3,11.5,G,0.039812058,39.81205847,0.222800359,0.182989071,0.222800359,0.006347324,0.005584648,0.005090143,NA,1,292.2419577
73,0,0,1,0,0,0,0,0,0,0,0,0,0,7/22/12,4,7,3,73,TRUE,2,14,1,48,47,48,46,0,15,12.8,G,0.02184033,21.84032967,0.271670757,0.249839949,0.271670757,0.006465699,0.005872853,0.005790312,NA,1,292.2419577
74,0,0,0,0,0,0,0,0,0,0,0,0,0,7/22/12,4,7,3,74,TRUE,6,15,1,34,32,33,31,1,14.3,10.8,G,0.034058773,34.05877273,0.25433246,0.211286535,0.245344656,0.00582603,0.006477029,0.006344934,0.009,1,292.2419577
76,0,0,0,0,0,0,0,0,0,0,0,0,0,7/22/12,4,7,3,76,TRUE,2,16,1,35,32,33,31,2,13.8,10.6,G,0.040024992,40.02499219,0.226530351,0.174140748,0.214161154,0.00540296,0.005146845,0.005025728,0.006184658,1,292.2419577
77,0,0,1,1,0,0,0,0,0,0,0,0,0,7/22/12,4,7,3,77,TRUE,0,0,1,41,39,40,38,1,14.2,11.3,S,0.035468296,35.4682957,0.249288989,0.195389355,0.230852767,0.004642683,0.004741014,0.004620667,0.018439089,1,292.2419577
78,0,0,0,0,0,0,0,0,0,0,0,0,0,7/22/12,4,7,3,78,TRUE,3,17,1,45,42,43,41,2,16.3,13.2,G,0.04414748,44.14748011,0.277562606,0.196540072,0.240684441,0.005237817,0.004836316,0.00472839,0.018439089,1,292.2419577
80,0,0,0,2,0,0,0,0,0,0,0,0,0,7/22/12,4,7,3,80,TRUE,2,18,1,41,37,38,36,3,13.2,10.8,G,0.030805844,30.8058436,0.23430749,0.184092368,0.21489765,0.005273114,0.004652331,0.004633596,0.006472163,1,292.2419577
81,0,0,0,1,0,0,0,0,0,0,0,0,0,7/22/12,4,7,3,81,TRUE,5,19,1,53,52,53,51,0,15,11.8,G,0.033526109,33.52610923,0.235637433,0.202111355,0.235637433,0.00245049,0.003819279,0.003986039,NA,2,292.2419577
97,0,0,0,0,0,0,0,0,0,0,0,0,0,7/23/12,5,7,3,98,TRUE,0,135,1,41,39,40,38,1,14.1,11.5,S,0.030805844,30.8058436,0.260762344,0.219763509,0.250569352,0.004567501,0.004553683,0.004839675,0.010198039,2,122.0025706
98,0,0,0,0,0,1,0,0,0,0,0,0,0,7/23/12,5,7,3,99,TRUE,0,136,1,41,40,41,39,0,15.3,12.2,S,0.018973666,18.97366596,0.232744495,0.213770905,0.232744495,0.004670587,0.005332711,0.005318849,NA,2,122.0025706
101,0,1,0,1,0,0,0,0,0,0,0,0,0,7/23/12,5,7,3,102,TRUE,0,0,1,40,38,39,37,1,13.4,10.6,S,0.031780497,31.78049716,0.218789854,0.169546454,0.201325607,0.004980789,0.005112242,0.004845431,0.017464249,2,122.0025706
104,0,0,0,0,0,0,0,0,0,0,0,0,0,7/23/12,5,7,3,104,TRUE,0,0,1,34,32,33,31,1,14.2,11.1,S,0.055108983,55.10898293,0.251246891,0.184967565,0.240066657,0.00714804,0.006168728,0.005672889,0.01118034,2,122.0025706
106,0,0,0,0,0,0,0,0,0,0,0,0,0,7/23/12,5,7,3,106,TRUE,6,30,1,40,38,39,37,1,15.3,11.8,G,0.021540659,21.54065923,0.243680118,0.2117286,0.233265943,0.006892036,0.006374766,0.006043733,0.010440307,2,122.0025706
117,0,1,2,0,0,1,0,0,0,0,0,0,0,7/24/12,6,7,3,117,TRUE,0,142,1,51,43,44,42,7,17.2,13.8,S,0.026305893,26.30589288,0.314428052,0.190394328,0.216688717,0.006463903,0.005558302,0.005299487,0.013962779,2,207.4593261
119,0,0,0,3,0,0,0,0,0,0,0,0,0,7/24/12,6,7,3,119,TRUE,11,144,1,52,48,49,47,3,16,13,G,0.032140317,32.14031736,0.290877981,0.226497241,0.258631011,0.005360195,0.004908465,0.004894694,0.010749677,2,207.4593261
122,0,0,1,0,0,0,0,0,0,0,0,0,0,7/24/12,6,7,3,122,TRUE,9,35,1,40,39,40,38,0,13.9,11.7,G,0.046043458,46.04345773,0.240168691,0.194126248,0.240168691,0.003963998,0.004391901,0.004160012,NA,1,207.4593261
123,0,0,0,1,0,0,0,0,0,0,0,0,0,7/24/12,6,7,3,123,TRUE,9,35,1,52,51,52,50,0,14.7,11.7,G,0.022472205,22.47220505,0.234557029,0.212084889,0.234557029,0.003352447,0.003577058,0.003760849,NA,1,207.4593261
124,0,0,0,1,0,0,0,0,0,0,0,0,0,7/24/12,6,7,3,124,TRUE,0,0,1,51,50,51,49,0,13.9,11.9,S,0.021023796,21.02379604,0.280862956,0.259849957,0.280862956,0.004641174,0.004452872,0.004649101,NA,1,207.4593261
125,0,0,0,1,0,0,0,0,0,0,0,0,0,7/24/12,6,7,3,125,TRUE,4,36,1,38,37,38,36,0,14,11.2,G,0.030016662,30.01666204,0.231525377,0.201516749,0.231525377,0.005117894,0.005593072,0.005432228,NA,1,207.4593261
320,0,1,0,12,1,0,0,0,0,0,0,0,0,8/18/12,8,8,3,320,TRUE,2,76,1,49,44,45,43,4,14.8,12,G,0.019235384,19.23538406,0.268466013,0.235091472,0.235091472,0.004786441,0.005544822,0.005511511,0.00834416,2,
321,0,0,0,5,0,1,1,0,0,0,0,0,0,8/18/12,8,8,3,321,TRUE,5,77,1,42,38,39,37,3,14.5,11.7,G,0.024083189,24.08318916,0.278217541,0.221,0.245081619,0.005046258,0.005599618,0.005526966,0.011045361,2,
324,0,1,0,6,1,0,0,0,0,0,0,0,0,8/18/12,8,8,3,324,TRUE,5,77,1,33,32,33,31,0,14.8,11.9,G,0.04936598,49.36598019,0.265813845,0.216448608,0.265813845,0.007577443,0.006818729,0.006349756,NA,2,
325,0,0,0,0,0,0,0,1,0,0,0,0,0,8/18/12,8,8,3,325,TRUE,5,77,1,35,34,35,33,0,13.6,11.1,G,0.031575307,31.57530681,0.218817275,0.187259179,0.218817275,0.006588067,0.005937358,0.005563696,NA,2,
332,0,1,0,1,0,0,0,0,0,1,0,0,0,8/18/12,8,8,3,332,TRUE,9,79,1,44,40,41,39,3,14.8,12,G,0.025495098,25.49509757,0.2720386,0.234955315,0.234955315,0.00610296,0.005977956,0.005801547,0.012369317,2,
333,0,2,0,1,0,0,0,1,0,0,0,0,0,8/18/12,8,8,3,333,TRUE,9,79,1,44,42,43,41,1,15.7,12.8,G,0.043011626,43.01162634,0.296060805,0.244051224,0.287062711,0.00612132,0.006217767,0.006023099,0.009,2,
334,0,1,0,1,0,0,0,0,0,0,0,0,0,8/18/12,8,8,3,334,TRUE,9,79,1,41,40,41,39,0,13.9,11.6,G,0.021023796,21.02379604,0.233927339,0.212903734,0.233927339,0.00646691,0.006128784,0.005923419,NA,2,
337,0,0,0,0,0,0,2,1,0,0,0,0,1,8/18/12,8,8,3,337,TRUE,9,79,1,43,42,43,41,0,13.8,11.2,G,0.034525353,34.525353,0.240251951,0.205730406,0.240251951,0.007139065,0.006086731,0.00590009,NA,2,
340,0,0,0,0,0,0,0,1,0,0,0,0,0,8/18/12,8,8,3,340,TRUE,6,80,1,41,38,39,37,2,14,11.1,G,0.032280025,32.28002478,0.257001946,0.207002415,0.23928226,0.006372166,0.005950255,0.005766692,0.008860023,2,
341,0,0,0,0,0,0,0,0,1,0,0,0,0,8/18/12,8,8,3,341,TRUE,6,80,1,41,38,39,37,2,14.1,11.2,G,0.029017236,29.01723626,0.256195238,0.189169236,0.218185701,0.005416553,0.005372316,0.005177853,0.019006578,2,
342,0,1,0,0,0,0,1,0,0,2,0,0,0,8/18/12,8,8,3,342,TRUE,6,80,1,41,38,39,37,2,14,11.4,G,0.033615473,33.61547263,0.255923817,0.202081667,0.235696839,0.005940475,0.005780308,0.005591716,0.010124228,2,
343,0,2,0,1,0,0,0,0,0,0,0,0,0,8/18/12,8,8,3,343,TRUE,6,80,1,40,36,37,35,3,16.5,13.3,G,0.039458839,39.45883931,0.293318939,0.198282627,0.237741456,0.005905555,0.005591379,0.005370874,0.018526258,2,
345,0,0,0,1,0,0,0,0,0,0,0,0,0,8/18/12,8,8,3,345,TRUE,5,81,1,44,43,44,42,0,14.9,11.9,G,0.040261644,40.26164428,0.284738477,0.244476993,0.284738477,0.005815219,0.005704835,0.005721065,NA,2,
347,0,5,0,2,0,0,0,1,0,1,0,0,0,8/18/12,8,8,3,347,TRUE,5,81,1,47,45,46,44,1,16.1,12.8,G,0.050960769,50.96076922,0.310161248,0.244640553,0.295601083,0.006372316,0.005844366,0.00580656,0.01456022,2,
348,0,6,0,5,2,0,0,0,0,1,0,0,0,8/18/12,8,8,3,348,TRUE,5,81,1,37,36,37,35,0,14.1,11.1,G,0.037,37,0.257001946,0.220002273,0.257001946,0.0061,0.00635,0.00628,NA,2,
349,0,7,0,4,0,0,0,0,0,0,0,0,0,8/18/12,8,8,3,349,TRUE,2,82,1,44,41,42,40,2,13.5,10.8,G,0.031048349,31.04834939,0.252976283,0.243758077,0.243758077,0.005959791,0.005779959,0.005666795,0.004609772,2,
350,0,0,1,7,0,0,0,0,1,1,0,0,0,8/18/12,8,8,3,350,TRUE,2,82,1,44,40,41,39,3,13.5,11.1,G,0.031048349,31.04834939,0.260722074,0.239560013,0.239560013,0.005039644,0.005154667,0.005208705,0.007063207,2,
351,0,2,0,0,0,0,0,0,0,0,0,0,0,8/18/12,8,8,3,351,TRUE,0,0,1,37,36,37,35,0,13.3,10.3,S,0.026019224,26.01922366,0.216020832,0.190010526,0.216020832,0.006714214,0.005971147,0.005696917,NA,2,
352,0,2,0,10,1,1,0,1,0,0,0,1,0,8/18/12,8,8,3,352,TRUE,9,83,1,52,47,48,46,4,14.5,11.8,G,0.040112342,40.11234224,0.300707499,0.230360587,0.270453323,0.004070323,0.004209724,0.003900762,0.007566373,2,
354,0,2,0,3,0,1,0,0,0,0,0,0,0,8/18/12,8,8,3,354,TRUE,9,83,1,35,33,34,32,1,13.2,11,G,0.035355339,35.35533906,0.223758799,0.176377436,0.2117286,0.006266698,0.005670414,0.005230698,0.012041595,2,
355,0,2,0,1,0,1,0,0,0,0,0,0,0,8/18/12,8,8,3,355,TRUE,9,83,1,38,36,37,35,1,14,11.4,G,0.047169906,47.16990566,0.240750909,0.188597455,0.235766834,0.005747399,0.005338553,0.005238764,0.005,2,
356,0,2,0,2,0,0,0,1,0,0,0,0,0,8/18/12,8,8,3,356,TRUE,9,83,1,42,39,40,38,2,13.3,10.6,G,0.020099751,20.09975124,0.227727908,0.220658107,0.220658107,0.006683331,0.006019552,0.005816212,0.003535534,2,
358,0,0,0,1,0,1,0,0,0,0,0,0,0,8/18/12,8,8,3,358,TRUE,9,83,1,39,37,38,36,1,13.6,10.9,G,0.020615528,20.61552813,0.250539418,0.219738481,0.240353906,0.00487797,0.005858499,0.005667567,0.010198039,2,
359,0,0,0,2,0,0,0,0,0,0,0,0,0,8/18/12,8,8,3,359,TRUE,9,83,1,42,41,42,40,0,14.1,11.3,G,0.0234094,23.40939982,0.246065032,0.222656686,0.246065032,0.005305194,0.005790907,0.005773464,NA,2,
361,2,0,1,3,0,0,0,3,0,0,0,0,0,8/18/12,8,8,3,361,TRUE,3,84,1,47,46,47,45,0,15.1,12.4,G,0.02745906,27.45906044,0.266326867,0.238872351,0.266326867,0.006029821,0.005588414,0.005495023,NA,1,
362,0,1,0,0,0,0,0,0,0,0,0,0,0,8/18/12,8,8,3,362,TRUE,3,84,1,35,34,35,33,0,13.6,10.8,G,0.031016125,31.01612484,0.232331659,0.201315673,0.232331659,0.007430868,0.006557336,0.0060965,NA,1,
363,0,1,0,0,0,1,0,0,0,0,0,0,0,8/18/12,8,8,3,363,TRUE,3,84,1,45,42,43,41,2,14.6,12.2,G,0.023323808,23.32380758,0.250217905,0.21574522,0.239069028,0.005617309,0.005949871,0.005840348,0.00559017,1,
365,0,1,0,0,0,0,0,0,0,0,0,0,0,8/18/12,8,8,3,366,TRUE,3,85,1,39,34,35,33,4,15.2,12.4,G,0.04501111,45.01110974,0.271029519,0.185024323,0.23003478,0.005708276,0.005609089,0.005407271,0.01025,1,
366,0,0,0,1,0,0,0,0,0,0,0,0,0,8/18/12,8,8,3,367,TRUE,0,0,1,33,31,32,30,1,14.1,11.8,S,0.058215118,58.21511831,0.26682766,0.187523332,0.24573563,0.007333373,0.006335484,0.005917272,0.021095023,1,
367,0,3,1,2,0,0,0,1,0,0,0,0,0,8/18/12,8,8,3,368,TRUE,0,0,1,39,37,38,36,1,13.7,11,S,0.032140317,32.14031736,0.23821209,0.197017766,0.229157151,0.006247319,0.005850114,0.00565325,0.009055385,1,
368,0,0,0,0,0,0,0,0,0,0,0,0,0,8/18/12,8,8,3,369,TRUE,0,0,1,40,39,40,38,0,13.9,11,S,0.037107951,37.10795063,0.24885337,0.211747491,0.24885337,0.004756647,0.005218376,0.005322226,NA,1,
369,1,1,0,0,0,0,0,0,0,0,0,0,0,8/18/12,8,8,3,370,TRUE,0,0,1,41,39,40,38,1,14.3,11.5,S,0.032756679,32.75667871,0.241878068,0.203806281,0.236562888,0.006466602,0.006211787,0.005954607,0.005385165,1,
370,0,0,0,1,0,1,0,0,0,0,0,0,0,8/18/12,8,8,3,371,TRUE,3,86,1,43,42,43,41,0,14,11.4,G,0.037215588,37.21558813,0.251348364,0.214133136,0.251348364,0.00565304,0.005503203,0.005489183,NA,1,
371,0,0,0,1,0,0,0,0,0,0,0,0,0,8/18/12,8,8,3,372,TRUE,3,86,1,42,40,41,39,1,13.9,11,G,0.024186773,24.18677324,0.238296034,0.201950489,0.226134915,0.006078581,0.005369388,0.005307393,0.012165525,1,
372,0,0,1,3,0,1,0,0,0,0,0,0,0,8/18/12,8,8,3,373,TRUE,3,86,1,47,46,47,45,0,15.1,12.2,G,0.030083218,30.08321791,0.275408787,0.245326313,0.275408787,0.005460765,0.005577506,0.005594445,NA,1,
374,0,0,1,2,0,0,0,0,0,0,0,0,0,8/18/12,8,8,3,375,TRUE,2,87,1,41,39,40,38,1,13.5,10.5,G,0.028284271,28.28427125,0.232647802,0.199271172,0.227554389,0.006199153,0.005636449,0.005402005,0.00509902,1,
420,0,0,0,1,0,1,0,0,0,0,0,0,0,8/19/12,9,8,3,420,TRUE,3,99,1,44,43,44,42,0,13.9,11.2,G,0.024166092,24.16609195,0.215613079,0.191449732,0.215613079,0.005148659,0.005022453,0.004992585,NA,2,42975.41454
421,0,1,0,1,0,0,0,0,0,0,0,0,0,8/19/12,9,8,3,421,TRUE,0,0,1,38,34,35,33,3,15,12,S,0.036124784,36.12478374,0.260622332,0.190444218,0.226565664,0.006528716,0.005982536,0.005590953,0.011352924,2,42975.41454
424,0,1,1,0,0,0,0,0,0,0,0,0,0,8/19/12,9,8,3,424,TRUE,6,100,1,46,45,46,44,0,14.3,11.6,G,0.033,33,0.25,0.217,0.25,0.006213815,0.005722965,0.005546293,NA,2,42975.41454
429,0,0,0,0,0,0,0,0,0,0,0,0,0,8/19/12,9,8,3,429,TRUE,3,101,1,46,45,46,44,0,15.2,12.2,G,0.017464249,17.4642492,0.225574821,0.208136974,0.225574821,0.004186551,0.004648365,0.005019828,NA,2,42975.41454
433,0,0,0,1,0,0,0,0,0,0,0,0,0,8/19/12,9,8,3,433,TRUE,2,102,1,40,35,36,34,4,13.3,11.9,G,0.029068884,29.06888371,0.260203766,0.226072997,0.226072997,0.005648519,0.005697196,0.005589248,0.008533024,2,42975.41454
434,0,0,0,1,0,2,0,0,0,0,0,0,0,8/19/12,9,8,3,434,TRUE,3,103,1,42,38,39,37,3,14.6,12.5,G,0.020223748,20.22374842,0.274987272,0.216566387,0.236782601,0.005556943,0.006207415,0.005900345,0.012736649,2,42975.41454
435,1,0,0,0,0,3,0,0,0,0,0,0,0,8/19/12,9,8,3,435,TRUE,3,103,1,44,40,41,39,3,15.6,12.5,G,0.042953463,42.95346319,0.262408079,0.187683244,0.230633909,0.00492153,0.005219113,0.005156058,0.010593499,2,42975.41454
436,0,0,0,0,0,0,0,0,0,0,0,0,0,8/19/12,9,8,3,436,TRUE,3,103,1,43,39,40,38,3,14,11.4,G,0.030066593,30.06659276,0.272470182,0.210342578,0.240407987,0.005123659,0.005926187,0.005824911,0.01068748,2,42975.41454
437,1,0,0,1,0,0,0,0,0,0,0,0,0,8/19/12,9,8,3,437,TRUE,2,104,1,41,40,41,39,0,14.6,11.7,G,0.034132096,34.13209633,0.244386988,0.210261742,0.244386988,0.007387425,0.006482256,0.006193076,NA,2,42975.41454
467,4,0,0,4,0,0,0,0,0,0,0,0,0,8/20/12,10,8,3,467,TRUE,9,112,1,36,35,36,34,0,14.2,11.4,G,0.028861739,28.86173938,0.215132517,0.186271308,0.215132517,0.008041047,0.006090082,0.00577476,NA,1,57976.48546
468,0,0,0,1,0,0,0,0,0,0,0,0,0,8/20/12,10,8,3,468,TRUE,3,113,1,42,41,42,40,0,14.5,11.6,G,0.018027756,18.02775638,0.203199409,0.185172892,0.203199409,0.005626911,0.005124562,0.00502361,NA,1,57976.48546
469,0,1,0,4,0,0,0,0,0,0,0,0,0,8/20/12,10,8,3,469,TRUE,7,114,1,36,35,36,34,0,14,11,G,0.023021729,23.02172887,0.203246156,0.18022486,0.203246156,0.006720439,0.006025464,0.005626862,NA,1,57976.48546
470,4,4,3,4,0,0,0,0,0,0,0,0,0,8/20/12,10,8,3,470,TRUE,6,115,1,37,35,36,34,1,13.5,10.8,G,0.022203603,22.20360331,0.217680959,0.186550261,0.208753443,0.00696502,0.006115933,0.005746555,0.009,1,57976.48546
471,0,1,0,6,2,0,0,0,0,1,0,0,0,8/20/12,10,8,3,471,TRUE,0,0,1,37,35,36,34,1,13.9,10.9,S,0.031048349,31.04834939,0.23408759,0.193829822,0.224877745,0.007040986,0.006114634,0.005769326,0.009219544,1,57976.48546
472,1,2,0,0,1,0,0,0,0,0,0,0,0,8/20/12,10,8,3,472,TRUE,4,116,1,46,42,43,41,3,14.4,11.5,G,0.022135944,22.13594362,0.236072023,0.192416216,0.21453671,0.006632377,0.005846474,0.005363414,0.00718022,1,57976.48546
473,0,2,0,5,1,0,0,1,0,1,1,0,0,8/20/12,10,8,3,473,TRUE,4,116,1,37,35,36,34,1,14.4,11.4,G,0.0351141,35.11409973,0.235637433,0.195478899,0.230592715,0.00659412,0.00576402,0.005550763,0.00509902,1,57976.48546
474,0,10,1,7,2,0,0,0,0,0,0,0,0,8/20/12,10,8,3,474,TRUE,4,116,1,42,38,39,37,3,13.6,11.2,G,0.030594117,30.59411708,0.264140114,0.206651881,0.237227739,0.006300415,0.005938181,0.005782108,0.008975275,1,57976.48546
475,0,4,0,4,0,0,0,0,0,0,0,0,0,8/20/12,10,8,3,475,TRUE,4,116,1,46,40,41,39,5,14.7,11.6,G,0.040012498,40.01249805,0.268091402,0.195064092,0.235076583,0.006014214,0.005368213,0.005218531,0.00660303,1,57976.48546
476,0,3,0,2,0,0,0,0,0,0,0,0,0,8/20/12,10,8,3,476,TRUE,10,117,1,45,44,45,43,0,16.5,13.5,G,0.034539832,34.53983208,0.286,0.251461727,0.286,0.006447075,0.0060985,0.005937143,NA,1,57976.48546
477,0,5,0,4,0,0,0,0,0,0,0,0,0,8/20/12,10,8,3,477,TRUE,10,117,1,51,48,49,47,2,16.6,13.6,G,0.042953463,42.95346319,0.292035957,0.214758003,0.257701378,0.004893548,0.004745729,0.004617847,0.01718284,1,57976.48546
479,1,0,0,1,0,0,0,0,0,0,0,0,0,8/20/12,10,8,3,479,TRUE,10,117,1,54,48,49,47,5,17.9,14.9,G,0.036055513,36.05551275,0.295677189,0.219462981,0.255515166,0.00307658,0.00346112,0.003958656,0.008032434,1,57976.48546
484,0,5,0,6,0,0,0,0,0,0,1,0,0,8/20/12,10,8,3,484,TRUE,10,117,1,41,39,40,38,1,15.7,12.7,G,0.051478151,51.4781507,0.267854438,0.210297408,0.261772802,0.006372042,0.006346159,0.006089773,0.006082763,2,57976.48546
487,1,0,0,3,0,0,0,1,0,0,0,0,0,8/21/12,11,8,3,487,TRUE,4,153,1,44,42,43,41,1,15.9,13.1,G,0.032572995,32.57299495,0.285721893,0.23668122,0.269245241,0.004919343,0.005383495,0.005360937,0.016492423,2,21175.1588
488,0,0,0,4,0,0,0,0,0,0,0,0,0,8/21/12,11,8,3,488,TRUE,3,154,1,42,38,39,37,3,14.6,11.7,G,0.034205263,34.20526275,0.233828997,0.216372364,0.216372364,0.006221072,0.005397786,0.005319251,0.005821416,2,21175.1588
490,0,0,0,0,0,0,0,0,0,0,0,0,0,8/21/12,11,8,3,490,TRUE,4,156,1,37,35,36,34,1,15,11.9,G,0.028728834,28.72883392,0.237153467,0.230731005,0.230731005,0.005632709,0.005469719,0.005454309,0.006424489,2,21175.1588
492,0,0,0,0,0,0,0,0,0,0,0,0,0,8/21/12,11,8,3,492,TRUE,10,158,1,36,34,35,33,1,14.2,11.4,G,0.040430377,40.430377,0.259105133,0.245190632,0.245190632,0.006969618,0.006044354,0.005725444,0.013915222,2,21175.1588
497,0,3,0,2,0,0,0,0,0,1,0,0,0,8/21/12,11,8,3,497,TRUE,9,120,1,52,47,48,46,4,15.8,12.9,G,0.040162171,40.16217126,0.312968049,0.22881652,0.268960964,0.005902975,0.005473531,0.005318372,0.011002841,2,21175.1588
502,0,2,0,3,0,0,0,0,0,0,1,0,0,8/21/12,11,8,3,502,TRUE,9,120,1,47,39,40,38,7,17.5,14.5,G,0.026712872,26.712872,0.295356912,0.231679399,0.231679399,0.005945089,0.005562169,0.005395071,0.009096912,2,21175.1588
503,0,3,0,0,0,0,0,0,0,1,1,0,0,8/21/12,11,8,3,503,TRUE,9,120,1,47,41,42,40,5,16.7,13.7,G,0.031400637,31.40063694,0.293018771,0.216723326,0.248114893,0.00561507,0.005710939,0.005505558,0.008982205,2,21175.1588
504,0,0,0,0,0,0,0,0,0,0,0,0,0,8/21/12,11,8,3,504,TRUE,9,120,1,43,42,43,41,0,14.5,11.9,G,0.042059482,42.05948169,0.246058936,0.204,0.246058936,0.004002975,0.004480034,0.004485608,NA,2,21175.1588
508,0,0,0,3,0,0,0,0,0,0,2,0,0,8/21/12,11,8,3,508,TRUE,5,121,1,31,28,29,27,2,13.8,10.9,G,0.03764306,37.64306045,0.21791971,0.164468842,0.202111355,0.006847957,0.005745377,0.005353094,0.007905694,2,21175.1588
510,0,0,0,0,0,0,0,0,0,0,0,0,0,8/21/12,11,8,3,510,TRUE,2,122,1,39,36,37,35,2,13.9,11.1,G,0.031048349,31.04834939,0.240933601,0.191206694,0.222252109,0.00646938,0.005680735,0.005383773,0.009340771,2,21175.1588
511,0,3,1,2,0,0,0,0,0,0,0,0,0,8/21/12,11,8,3,511,TRUE,2,122,1,42,40,41,39,1,13.3,11.4,G,0.024,24,0.225002222,0.193002591,0.217002304,0.006608276,0.005654138,0.005443311,0.008,2,21175.1588
79,0,0,0,1,0,0,0,0,0,0,0,0,0,,4,,,,,,,,,,,,,,,,,,,,,,,,,,
128,0,0,0,0,0,0,0,0,0,0,0,0,0,,7,,,,,,,,,,,,,,,,,,,,,,,,,,
131,0,0,1,1,0,1,0,0,0,0,0,0,0,,7,,,,,,,,,,,,,,,,,,,,,,,,,,
136,0,1,0,0,0,2,0,0,0,0,0,0,0,,7,,,,,,,,,,,,,,,,,,,,,,,,,,
137,0,0,0,0,0,0,0,0,0,0,0,0,0,,7,,,,,,,,,,,,,,,,,,,,,,,,,,
141,0,0,0,0,0,0,1,0,0,0,0,0,0,,7,,,,,,,,,,,,,,,,,,,,,,,,,,
143,0,1,0,0,0,0,0,0,0,0,0,0,0,,7,,,,,,,,,,,,,,,,,,,,,,,,,,
145,0,0,0,1,0,0,0,0,0,0,0,0,0,,7,,,,,,,,,,,,,,,,,,,,,,,,,,
147,0,0,0,0,0,0,0,0,0,0,0,0,0,,7,,,,,,,,,,,,,,,,,,,,,,,,,,
152,0,0,0,0,0,1,0,0,0,0,0,0,0,,7,,,,,,,,,,,,,,,,,,,,,,,,,,
157,0,0,0,0,0,1,0,0,0,0,0,0,0,,7,,,,,,,,,,,,,,,,,,,,,,,,,,
158,1,0,0,0,0,1,2,0,0,0,0,0,0,,7,,,,,,,,,,,,,,,,,,,,,,,,,,
161,0,0,0,0,0,0,0,0,0,0,0,0,0,,7,,,,,,,,,,,,,,,,,,,,,,,,,,
162,1,0,0,3,0,2,0,0,0,0,0,0,0,,7,,,,,,,,,,,,,,,,,,,,,,,,,,
165,0,0,0,0,0,1,0,0,0,0,0,0,0,,7,,,,,,,,,,,,,,,,,,,,,,,,,,
168,0,0,0,0,0,0,0,0,0,0,0,0,0,,7,,,,,,,,,,,,,,,,,,,,,,,,,,
170,0,0,0,1,0,0,0,0,0,0,0,0,0,,7,,,,,,,,,,,,,,,,,,,,,,,,,,
173,0,0,0,0,0,0,4,0,0,0,0,0,0,,7,,,,,,,,,,,,,,,,,,,,,,,,,,
175,0,0,1,0,0,0,0,0,0,0,0,0,0,,7,,,,,,,,,,,,,,,,,,,,,,,,,,
176,1,0,0,1,0,0,3,0,0,0,0,0,0,,7,,,,,,,,,,,,,,,,,,,,,,,,,,
179,0,1,0,0,0,0,8,0,0,0,0,0,0,,7,,,,,,,,,,,,,,,,,,,,,,,,,,
180,1,0,0,0,0,0,2,0,0,0,0,0,0,,7,,,,,,,,,,,,,,,,,,,,,,,,,,
181,1,1,0,4,0,0,1,0,0,0,0,0,0,,7,,,,,,,,,,,,,,,,,,,,,,,,,,
185,1,0,0,0,0,0,0,0,0,0,0,0,0,,7,,,,,,,,,,,,,,,,,,,,,,,,,,
190,1,1,0,1,0,0,2,0,0,0,0,0,0,,7,,,,,,,,,,,,,,,,,,,,,,,,,,
191,0,0,0,0,0,0,2,0,0,0,0,0,0,,7,,,,,,,,,,,,,,,,,,,,,,,,,,
193,0,0,0,0,0,1,1,0,0,0,0,0,0,,7,,,,,,,,,,,,,,,,,,,,,,,,,,
194,0,0,0,0,0,0,1,0,0,0,0,0,0,,7,,,,,,,,,,,,,,,,,,,,,,,,,,
195,0,1,1,0,0,0,2,0,0,0,0,0,0,,7,,,,,,,,,,,,,,,,,,,,,,,,,,
197,0,0,0,0,0,0,0,0,0,0,0,0,0,,7,,,,,,,,,,,,,,,,,,,,,,,,,,
200,0,0,0,0,0,0,0,0,0,0,0,0,0,,7,,,,,,,,,,,,,,,,,,,,,,,,,,
201,1,2,0,1,0,0,0,0,0,0,0,0,0,,7,,,,,,,,,,,,,,,,,,,,,,,,,,
202,0,0,0,0,0,0,1,0,0,0,0,0,0,,7,,,,,,,,,,,,,,,,,,,,,,,,,,
203,0,0,0,0,0,1,2,0,0,0,0,0,0,,7,,,,,,,,,,,,,,,,,,,,,,,,,,
212,0,0,0,0,0,0,0,0,0,0,0,0,0,,7,,,,,,,,,,,,,,,,,,,,,,,,,,
215,1,0,0,0,0,0,0,0,0,0,0,0,0,,7,,,,,,,,,,,,,,,,,,,,,,,,,,
222,0,0,0,0,0,0,0,0,0,0,0,0,0,,7,,,,,,,,,,,,,,,,,,,,,,,,,,
226,0,0,0,0,0,0,0,0,0,0,0,0,0,,7,,,,,,,,,,,,,,,,,,,,,,,,,,
229,0,1,0,0,0,0,0,0,0,0,0,0,0,,7,,,,,,,,,,,,,,,,,,,,,,,,,,
234,0,0,0,0,0,0,0,0,0,0,0,0,0,,7,,,,,,,,,,,,,,,,,,,,,,,,,,
236,0,2,0,1,0,1,0,0,0,0,0,0,0,,7,,,,,,,,,,,,,,,,,,,,,,,,,,
245,0,0,1,0,0,0,0,0,0,0,0,0,0,,7,,,,,,,,,,,,,,,,,,,,,,,,,,
246,0,0,0,0,0,0,0,0,0,0,0,0,0,,7,,,,,,,,,,,,,,,,,,,,,,,,,,
248,0,0,0,2,1,1,3,0,0,0,0,0,0,,7,,,,,,,,,,,,,,,,,,,,,,,,,,
250,0,0,0,2,0,0,3,0,0,0,0,0,0,,7,,,,,,,,,,,,,,,,,,,,,,,,,,
251,0,0,0,1,0,0,0,0,0,0,0,0,0,,7,,,,,,,,,,,,,,,,,,,,,,,,,,
252,0,0,0,1,0,0,0,0,0,0,0,0,0,,7,,,,,,,,,,,,,,,,,,,,,,,,,,
253,0,1,0,0,0,0,2,0,0,0,0,0,0,,7,,,,,,,,,,,,,,,,,,,,,,,,,,
254,0,0,0,0,0,1,7,0,0,0,0,0,0,,7,,,,,,,,,,,,,,,,,,,,,,,,,,
256,3,1,0,0,0,0,1,0,0,0,0,0,0,,7,,,,,,,,,,,,,,,,,,,,,,,,,,
260,0,0,0,0,0,0,0,0,0,0,0,0,0,,7,,,,,,,,,,,,,,,,,,,,,,,,,,
264,0,0,0,0,0,0,0,0,0,0,0,0,0,,7,,,,,,,,,,,,,,,,,,,,,,,,,,
267,0,0,0,0,0,0,0,0,0,0,0,0,0,,7,,,,,,,,,,,,,,,,,,,,,,,,,,
269,0,0,0,0,0,0,1,0,0,0,0,0,0,,7,,,,,,,,,,,,,,,,,,,,,,,,,,
276,0,0,0,0,0,0,0,0,0,0,0,0,0,,8,,,,,,,,,,,,,,,,,,,,,,,,,,
277,0,6,0,4,0,0,2,1,0,0,1,3,0,,8,,,,,,,,,,,,,,,,,,,,,,,,,,
278,0,0,0,1,0,0,1,1,0,0,0,0,0,,8,,,,,,,,,,,,,,,,,,,,,,,,,,
279,0,0,0,0,0,0,1,0,0,0,0,0,0,,8,,,,,,,,,,,,,,,,,,,,,,,,,,
281,0,0,0,1,0,1,3,0,0,0,0,0,0,,8,,,,,,,,,,,,,,,,,,,,,,,,,,
282,0,0,0,1,0,2,4,0,0,0,0,0,0,,8,,,,,,,,,,,,,,,,,,,,,,,,,,
285,0,0,0,5,0,0,2,0,0,4,0,0,0,,8,,,,,,,,,,,,,,,,,,,,,,,,,,
290,0,0,0,2,0,0,1,1,0,2,0,0,0,,8,,,,,,,,,,,,,,,,,,,,,,,,,,
294,0,0,0,0,0,0,0,1,0,0,0,0,0,,8,,,,,,,,,,,,,,,,,,,,,,,,,,
295,0,0,0,0,0,0,0,0,0,1,0,0,0,,8,,,,,,,,,,,,,,,,,,,,,,,,,,
297,0,0,0,0,0,0,0,1,0,0,0,0,0,,8,,,,,,,,,,,,,,,,,,,,,,,,,,
300,0,0,0,1,0,0,2,0,0,0,0,0,0,,8,,,,,,,,,,,,,,,,,,,,,,,,,,
301,0,1,0,0,0,0,3,1,0,0,0,0,0,,8,,,,,,,,,,,,,,,,,,,,,,,,,,
317,0,9,1,4,0,0,0,0,0,1,0,1,0,,8,,,,,,,,,,,,,,,,,,,,,,,,,,
319,0,0,0,1,0,1,1,0,0,0,0,0,0,,8,,,,,,,,,,,,,,,,,,,,,,,,,,
322,0,0,0,1,0,0,0,0,0,0,0,0,0,,8,,,,,,,,,,,,,,,,,,,,,,,,,,
323,0,4,0,4,0,0,0,1,0,0,0,0,0,,8,,,,,,,,,,,,,,,,,,,,,,,,,,
326,0,0,0,0,0,0,0,0,0,0,0,0,0,,8,,,,,,,,,,,,,,,,,,,,,,,,,,
327,0,0,1,0,0,0,1,0,0,0,0,0,0,,8,,,,,,,,,,,,,,,,,,,,,,,,,,
328,0,2,0,2,0,0,1,0,0,0,1,0,0,,8,,,,,,,,,,,,,,,,,,,,,,,,,,
329,0,0,0,4,0,0,0,1,0,1,0,1,0,,8,,,,,,,,,,,,,,,,,,,,,,,,,,
330,0,0,0,2,0,0,0,0,0,0,0,0,0,,8,,,,,,,,,,,,,,,,,,,,,,,,,,
331,0,0,0,1,0,0,0,0,0,0,0,0,0,,8,,,,,,,,,,,,,,,,,,,,,,,,,,
335,0,1,0,0,0,0,2,0,0,0,0,0,0,,8,,,,,,,,,,,,,,,,,,,,,,,,,,
336,0,0,0,0,0,0,0,0,0,0,0,1,0,,8,,,,,,,,,,,,,,,,,,,,,,,,,,
338,0,0,3,0,0,0,0,0,0,0,0,0,0,,8,,,,,,,,,,,,,,,,,,,,,,,,,,
339,0,0,0,0,0,0,0,0,0,0,0,0,0,,8,,,,,,,,,,,,,,,,,,,,,,,,,,
344,3,5,2,1,0,0,2,0,0,0,0,0,0,,8,,,,,,,,,,,,,,,,,,,,,,,,,,
346,0,0,0,3,0,0,0,0,0,0,0,2,0,,8,,,,,,,,,,,,,,,,,,,,,,,,,,
353,0,0,0,0,0,0,0,0,0,0,0,0,0,,8,,,,,,,,,,,,,,,,,,,,,,,,,,
357,0,0,0,0,0,0,0,0,0,0,0,0,0,,8,,,,,,,,,,,,,,,,,,,,,,,,,,
360,1,1,0,1,0,2,1,0,0,0,0,0,0,,8,,,,,,,,,,,,,,,,,,,,,,,,,,
364,0,2,0,1,0,0,2,0,0,0,0,0,0,,8,,,,,,,,,,,,,,,,,,,,,,,,,,
373,0,0,0,0,0,0,0,0,0,0,0,0,0,,8,,,,,,,,,,,,,,,,,,,,,,,,,,
376,0,0,0,8,1,0,0,0,0,0,0,0,0,,9,,,,,,,,,,,,,,,,,,,,,,,,,,
378,0,0,0,2,0,0,0,0,0,0,0,0,1,,9,,,,,,,,,,,,,,,,,,,,,,,,,,
384,0,0,0,1,0,0,0,1,0,0,1,0,0,,9,,,,,,,,,,,,,,,,,,,,,,,,,,
390,0,0,0,0,0,0,0,0,0,0,0,0,0,,9,,,,,,,,,,,,,,,,,,,,,,,,,,
394,0,1,0,0,0,0,0,0,0,0,0,0,0,,9,,,,,,,,,,,,,,,,,,,,,,,,,,
395,0,1,0,0,0,0,0,1,0,1,0,0,0,,9,,,,,,,,,,,,,,,,,,,,,,,,,,
397,0,0,0,0,0,0,0,0,0,0,0,0,0,,9,,,,,,,,,,,,,,,,,,,,,,,,,,
399,0,0,0,0,0,0,0,3,0,0,0,0,0,,9,,,,,,,,,,,,,,,,,,,,,,,,,,
402,0,0,0,0,0,0,0,4,0,0,0,0,0,,9,,,,,,,,,,,,,,,,,,,,,,,,,,
404,0,1,0,0,0,0,1,0,0,0,0,0,0,,9,,,,,,,,,,,,,,,,,,,,,,,,,,
408,0,0,0,0,0,0,4,0,0,0,0,0,0,,9,,,,,,,,,,,,,,,,,,,,,,,,,,
411,0,0,2,1,0,0,0,0,0,0,0,0,0,,9,,,,,,,,,,,,,,,,,,,,,,,,,,
413,0,0,0,0,0,0,0,1,0,0,0,0,0,,9,,,,,,,,,,,,,,,,,,,,,,,,,,
416,0,0,0,0,0,0,0,0,0,0,0,0,0,,9,,,,,,,,,,,,,,,,,,,,,,,,,,
418,0,0,0,2,0,0,0,0,0,0,0,0,0,,9,,,,,,,,,,,,,,,,,,,,,,,,,,
419,0,0,0,0,0,0,0,0,0,0,0,0,0,,9,,,,,,,,,,,,,,,,,,,,,,,,,,
422,0,0,0,0,0,0,0,0,0,0,0,0,0,,9,,,,,,,,,,,,,,,,,,,,,,,,,,
423,1,0,0,0,0,0,0,0,0,0,0,0,0,,9,,,,,,,,,,,,,,,,,,,,,,,,,,
425,1,1,0,2,0,1,0,0,0,0,0,0,0,,9,,,,,,,,,,,,,,,,,,,,,,,,,,
426,0,0,0,2,0,0,0,0,0,0,0,0,0,,9,,,,,,,,,,,,,,,,,,,,,,,,,,
427,0,0,0,4,0,0,0,0,0,0,0,0,0,,9,,,,,,,,,,,,,,,,,,,,,,,,,,
428,1,1,0,1,0,0,0,0,0,0,0,0,0,,9,,,,,,,,,,,,,,,,,,,,,,,,,,
430,0,0,0,1,0,0,0,0,0,1,0,0,0,,9,,,,,,,,,,,,,,,,,,,,,,,,,,
431,0,0,0,0,0,0,0,0,0,1,0,0,0,,9,,,,,,,,,,,,,,,,,,,,,,,,,,
432,1,0,0,2,0,0,0,0,0,0,0,0,0,,9,,,,,,,,,,,,,,,,,,,,,,,,,,
444,0,0,0,4,0,0,0,0,0,0,0,0,0,,10,,,,,,,,,,,,,,,,,,,,,,,,,,
445,7,0,0,7,0,0,0,1,0,0,1,0,0,,10,,,,,,,,,,,,,,,,,,,,,,,,,,
449,0,0,0,0,0,2,0,0,0,0,0,0,0,,10,,,,,,,,,,,,,,,,,,,,,,,,,,
452,0,1,1,4,0,0,0,0,0,0,0,0,0,,10,,,,,,,,,,,,,,,,,,,,,,,,,,
453,0,0,0,1,0,0,0,0,0,0,0,0,0,,10,,,,,,,,,,,,,,,,,,,,,,,,,,
455,0,0,0,3,0,0,0,1,0,0,1,0,0,,10,,,,,,,,,,,,,,,,,,,,,,,,,,
457,1,2,0,2,0,0,0,0,0,0,0,0,0,,10,,,,,,,,,,,,,,,,,,,,,,,,,,
466,8,0,0,7,0,0,0,0,0,0,0,0,0,,10,,,,,,,,,,,,,,,,,,,,,,,,,,
478,0,0,1,3,0,0,0,0,0,0,0,0,0,,10,,,,,,,,,,,,,,,,,,,,,,,,,,
480,0,3,0,0,0,0,0,0,0,0,0,0,0,,10,,,,,,,,,,,,,,,,,,,,,,,,,,
481,0,0,0,0,0,0,0,0,0,0,0,0,0,,10,,,,,,,,,,,,,,,,,,,,,,,,,,
482,0,4,0,3,0,0,0,0,0,0,0,0,0,,10,,,,,,,,,,,,,,,,,,,,,,,,,,
483,0,0,0,2,0,0,0,0,0,0,0,0,0,,10,,,,,,,,,,,,,,,,,,,,,,,,,,
489,0,0,0,6,0,0,0,0,0,0,1,0,0,,11,,,,,,,,,,,,,,,,,,,,,,,,,,
491,2,0,0,2,0,0,0,0,0,0,0,0,0,,11,,,,,,,,,,,,,,,,,,,,,,,,,,
493,0,0,0,3,1,0,0,0,0,2,0,0,0,,11,,,,,,,,,,,,,,,,,,,,,,,,,,
494,0,0,0,1,0,0,0,0,0,0,0,0,0,,11,,,,,,,,,,,,,,,,,,,,,,,,,,
495,1,3,0,9,0,1,0,0,0,0,1,0,0,,11,,,,,,,,,,,,,,,,,,,,,,,,,,
496,0,3,1,3,0,0,0,0,0,0,0,0,0,,11,,,,,,,,,,,,,,,,,,,,,,,,,,
498,0,0,0,1,0,0,0,1,0,0,1,0,0,,11,,,,,,,,,,,,,,,,,,,,,,,,,,
499,1,0,0,1,0,0,0,0,0,0,0,0,0,,11,,,,,,,,,,,,,,,,,,,,,,,,,,
500,0,7,3,7,0,0,0,0,0,0,0,0,0,,11,,,,,,,,,,,,,,,,,,,,,,,,,,
501,0,8,0,0,0,0,0,0,0,0,0,0,0,,11,,,,,,,,,,,,,,,,,,,,,,,,,,
505,0,0,0,1,0,0,0,0,0,1,2,0,0,,11,,,,,,,,,,,,,,,,,,,,,,,,,,
506,0,0,0,2,0,0,0,0,0,1,3,0,0,,11,,,,,,,,,,,,,,,,,,,,,,,,,,
507,0,1,0,1,0,0,0,0,0,1,1,0,0,,11,,,,,,,,,,,,,,,,,,,,,,,,,,
509,0,0,0,1,0,0,0,0,0,0,1,0,0,,11,,,,,,,,,,,,,,,,,,,,,,,,,,
512,4,0,0,0,0,0,0,0,0,0,0,0,0,,11,,,,,,,,,,,,,,,,,,,,,,,,,,
513,2,10,1,6,0,0,0,0,0,0,0,0,0,,11,,,,,,,,,,,,,,,,,,,,,,,,,,
514,0,0,0,0,0,0,0,0,0,0,0,0,0,,11,,,,,,,,,,,,,,,,,,,,,,,,,,
515,0,5,0,1,1,0,0,0,0,0,0,0,0,,11,,,,,,,,,,,,,,,,,,,,,,,,,,
525,0,0,0,0,0,0,0,1,0,0,0,0,0,,11,,,,,,,,,,,,,,,,,,,,,,,,,,
527,0,0,0,0,0,0,0,0,0,0,0,0,0,,11,,,,,,,,,,,,,,,,,,,,,,,,,,
529,0,3,0,0,0,0,0,0,0,0,0,0,0,,11,,,,,,,,,,,,,,,,,,,,,,,,,,
530,0,5,0,4,0,0,0,0,0,1,1,0,0,,11,,,,,,,,,,,,,,,,,,,,,,,,,,
532,0,0,0,2,0,0,0,0,0,0,2,0,0,,11,,,,,,,,,,,,,,,,,,,,,,,,,,
534,0,0,0,1,0,0,0,0,0,0,0,0,0,,11,,,,,,,,,,,,,,,,,,,,,,,,,,
537,0,0,0,0,0,0,0,0,0,0,0,0,0,,11,,,,,,,,,,,,,,,,,,,,,,,,,,
542,2,1,1,1,0,0,0,1,0,1,1,0,0,,11,,,,,,,,,,,,,,,,,,,,,,,,,,
544,0,3,0,2,0,0,0,0,0,0,1,0,0,,11,,,,,,,,,,,,,,,,,,,,,,,,,,
546,0,0,0,0,0,0,0,0,0,0,0,0,0,,11,,,,,,,,,,,,,,,,,,,,,,,,,,
547,0,0,0,1,0,0,0,0,0,0,0,0,0,,11,,,,,,,,,,,,,,,,,,,,,,,,,,
1,0,1,0,1,0,1,0,0,0,0,0,0,0,,,,,,,,,,,,,,,,,,,,,,,,,,,,
2,0,0,0,0,0,0,0,0,0,0,0,0,0,,,,,,,,,,,,,,,,,,,,,,,,,,,,
15,0,0,0,0,0,0,0,0,0,0,0,0,0,,,,,,,,,,,,,,,,,,,,,,,,,,,,
19,0,0,0,0,0,0,1,0,0,0,0,0,0,,,,,,,,,,,,,,,,,,,,,,,,,,,,
20,1,2,1,0,0,0,0,0,0,0,0,0,0,,,,,,,,,,,,,,,,,,,,,,,,,,,,
27,0,0,0,0,0,0,0,0,0,0,0,0,0,,,,,,,,,,,,,,,,,,,,,,,,,,,,
28,0,0,0,0,0,0,0,0,0,0,0,0,0,,,,,,,,,,,,,,,,,,,,,,,,,,,,
30,0,0,0,0,0,0,0,0,0,0,0,0,0,,,,,,,,,,,,,,,,,,,,,,,,,,,,
36,0,0,0,0,0,0,0,0,0,0,0,0,0,,,,,,,,,,,,,,,,,,,,,,,,,,,,
38,0,0,0,0,0,0,0,0,0,0,0,0,0,,,,,,,,,,,,,,,,,,,,,,,,,,,,
39,1,3,0,0,0,0,0,0,0,0,0,0,0,,,,,,,,,,,,,,,,,,,,,,,,,,,,
40,1,0,1,0,0,0,0,0,0,0,0,0,0,,,,,,,,,,,,,,,,,,,,,,,,,,,,
44,0,0,0,1,0,0,0,0,0,0,0,0,0,,,,,,,,,,,,,,,,,,,,,,,,,,,,
46,0,0,0,0,0,0,0,0,0,0,0,0,0,,,,,,,,,,,,,,,,,,,,,,,,,,,,
52,0,0,0,0,0,0,0,0,0,0,0,0,0,,,,,,,,,,,,,,,,,,,,,,,,,,,,
57,0,1,1,1,0,0,0,0,0,0,0,0,0,,,,,,,,,,,,,,,,,,,,,,,,,,,,
69,0,1,0,6,0,3,0,0,0,0,0,0,0,,,,,,,,,,,,,,,,,,,,,,,,,,,,
70,0,1,0,1,0,3,0,0,0,0,0,0,0,,,,,,,,,,,,,,,,,,,,,,,,,,,,
75,0,2,0,1,0,0,1,0,0,0,0,0,0,,,,,,,,,,,,,,,,,,,,,,,,,,,,
85,0,1,0,2,0,0,0,0,1,0,0,0,0,,,,,,,,,,,,,,,,,,,,,,,,,,,,
87,0,0,0,0,0,0,0,0,0,0,0,0,0,,,,,,,,,,,,,,,,,,,,,,,,,,,,
89,0,0,0,2,0,0,0,0,0,0,0,0,0,,,,,,,,,,,,,,,,,,,,,,,,,,,,
91,0,2,0,2,0,1,0,0,0,0,0,0,0,,,,,,,,,,,,,,,,,,,,,,,,,,,,
92,1,0,0,0,0,1,0,0,0,0,0,0,0,,,,,,,,,,,,,,,,,,,,,,,,,,,,
93,0,0,0,0,0,0,0,0,0,0,0,0,0,,,,,,,,,,,,,,,,,,,,,,,,,,,,
94,0,0,0,0,0,0,0,0,0,0,0,0,0,,,,,,,,,,,,,,,,,,,,,,,,,,,,
99,0,0,0,0,0,1,0,0,0,0,0,0,0,,,,,,,,,,,,,,,,,,,,,,,,,,,,
100,0,1,0,0,0,0,0,0,0,0,0,0,0,,,,,,,,,,,,,,,,,,,,,,,,,,,,
102,2,0,0,0,0,0,0,0,0,0,0,0,0,,,,,,,,,,,,,,,,,,,,,,,,,,,,
103,0,0,0,0,0,0,0,0,0,0,0,0,0,,,,,,,,,,,,,,,,,,,,,,,,,,,,
105,0,0,0,0,0,0,0,0,0,0,0,0,0,,,,,,,,,,,,,,,,,,,,,,,,,,,,
108,0,2,0,4,0,0,0,0,0,0,0,0,0,,,,,,,,,,,,,,,,,,,,,,,,,,,,
110,0,0,0,0,0,0,0,0,0,0,0,0,0,,,,,,,,,,,,,,,,,,,,,,,,,,,,
112,0,0,0,0,0,0,0,0,0,0,0,0,0,,,,,,,,,,,,,,,,,,,,,,,,,,,,
113,1,1,0,1,0,2,0,0,0,0,0,0,0,,,,,,,,,,,,,,,,,,,,,,,,,,,,
114,1,1,0,2,0,2,0,0,0,0,0,0,0,,,,,,,,,,,,,,,,,,,,,,,,,,,,
115,0,0,0,0,0,1,0,0,0,0,0,0,0,,,,,,,,,,,,,,,,,,,,,,,,,,,,
118,0,0,0,0,0,0,0,0,0,0,0,0,0,,,,,,,,,,,,,,,,,,,,,,,,,,,,
120,0,2,0,2,0,0,1,0,0,0,0,0,0,,,,,,,,,,,,,,,,,,,,,,,,,,,,
121,0,0,1,1,0,0,0,0,0,0,0,0,0,,,,,,,,,,,,,,,,,,,,,,,,,,,,
126,0,0,0,0,0,1,0,0,0,0,0,0,0,,,,,,,,,,,,,,,,,,,,,,,,,,,,
271,0,0,0,0,0,0,0,0,0,0,0,0,0,,,,,,,,,,,,,,,,,,,,,,,,,,,,
438,0,0,0,0,0,0,0,0,0,0,0,0,0,,,,,,,,,,,,,,,,,,,,,,,,,,,,
439,0,0,0,0,0,0,0,0,0,0,0,0,0,,,,,,,,,,,,,,,,,,,,,,,,,,,,
441,0,0,2,2,0,1,0,0,0,0,0,0,0,,,,,,,,,,,,,,,,,,,,,,,,,,,,
442,0,0,0,0,0,0,0,0,0,0,0,0,0,,,,,,,,,,,,,,,,,,,,,,,,,,,,
485,0,0,0,13,2,0,0,0,0,0,2,0,0,,,,,,,,,,,,,,,,,,,,,,,,,,,,
486,0,1,0,1,0,0,0,0,0,0,0,0,0,,,,,,,,,,,,,,,,,,,,,,,,,,,,
550,0,2,1,1,0,0,0,0,0,1,0,0,0,,,,,,,,,,,,,,,,,,,,,,,,,,,,